,Polarity,Sensitivity,Tweet_vol,Open,High,Low,Volume_BTC,Volume_Dollar,Close_Price
2018-07-11 20:00:00,0.10265670748614598,0.21614845947129513,4354.0,6342.97,6354.19,6291.0,986.73,6231532.37,6350.0
2018-07-11 21:00:00,0.09800395297609978,0.21861239516350178,4432.0,6352.99,6370.0,6345.76,126.46,804221.55,6356.48
2018-07-11 22:00:00,0.0966881579841847,0.23134226427071872,3980.0,6350.85,6378.47,6345.0,259.1,1646353.87,6361.93
2018-07-11 23:00:00,0.10399680386738332,0.21773906718462835,3830.0,6362.36,6381.25,6356.74,81.54,519278.69,6368.78
2018-07-12 00:00:00,0.09438312650721571,0.19525553005949395,3998.0,6369.49,6381.25,6361.83,124.55,793560.22,6380.0
2018-07-12 01:00:00,0.10083589375817453,0.22307632548845868,3713.0,6379.13,6380.0,6347.72,141.5,900280.85,6365.43
2018-07-12 02:00:00,0.1119643429977597,0.19504306787217293,3843.0,6365.24,6371.8,6324.48,141.3,896772.74,6327.94
2018-07-12 03:00:00,0.1058881862567765,0.20993930342403333,3831.0,6328.4,6348.45,6302.18,162.37,1026431.72,6326.98
2018-07-12 04:00:00,0.10811700734669419,0.20800324193424663,3743.0,6327.49,6343.22,6327.49,58.62,371327.65,6339.5
2018-07-12 05:00:00,0.10666706633974722,0.21723050559221563,3480.0,6342.22,6344.57,6328.0,74.75,473450.28,6333.05
2018-07-12 06:00:00,0.09819201661175406,0.20621768833627063,3954.0,6333.05,6335.55,6305.0,130.84,827194.5,6329.57
2018-07-12 07:00:00,0.08077478187342219,0.19081446008983832,4561.0,6329.9,6334.74,6177.45,1211.64,7536289.75,6217.63
2018-07-12 08:00:00,0.08877735580061671,0.18471850163515388,5621.0,6217.03,6223.14,6131.35,758.15,4677685.75,6180.5
2018-07-12 09:00:00,0.0975813393389163,0.20191214692260084,5046.0,6180.46,6200.82,6085.59,1090.25,6719480.12,6200.82
2018-07-12 10:00:00,0.09191287676658966,0.19896478587190353,5511.0,6200.23,6205.0,6175.01,289.87,1794667.77,6185.82
2018-07-12 11:00:00,0.08382532077920497,0.2173181646652594,5277.0,6185.4,6187.99,6157.03,212.3,1310453.07,6175.18
2018-07-12 12:00:00,0.07710081294119067,0.195526425954516,5493.0,6174.5,6182.13,6144.35,261.02,1608275.15,6162.41
2018-07-12 13:00:00,0.07714852137139569,0.20891735896754152,5455.0,6167.17,6191.99,6155.0,246.37,1522744.15,6180.31
2018-07-12 14:00:00,0.09711192039767944,0.23622240576351197,5811.0,6180.3,6183.99,6170.99,258.89,1599120.65,6182.99
2018-07-12 15:00:00,0.09680845597780344,0.21027440482122414,5676.0,6182.98,6199.57,6173.5,275.0,1700530.69,6180.97
2018-07-12 16:00:00,0.08795242249876721,0.2015228691350621,5983.0,6178.59,6182.55,6159.01,166.21,1025666.81,6169.51
2018-07-12 17:00:00,0.09484858580146976,0.21709007457257168,5699.0,6168.44,6192.89,6166.78,342.08,2115989.77,6181.23
2018-07-12 18:00:00,0.10102371245440864,0.21088171207458128,5273.0,6184.08,6189.0,6167.64,168.14,1039237.28,6179.12
2018-07-12 19:00:00,0.08611796809952094,0.21457562723378348,4950.0,6179.12,6185.0,6165.22,103.57,639670.03,6173.99
2018-07-12 20:00:00,0.07871816379987927,0.20741734995274108,4874.0,6171.06,6180.17,6150.43,148.79,916929.71,6174.76
2018-07-12 21:00:00,0.08719564027112056,0.21046084704329646,4289.0,6179.38,6187.42,6166.91,120.99,747520.42,6173.05
2018-07-12 22:00:00,0.09749038298261753,0.20786096842163354,4290.0,6170.03,6176.66,6153.52,81.22,500729.79,6171.68
2018-07-12 23:00:00,0.09420668493105258,0.20923114266523765,4404.0,6171.94,6173.61,6110.08,309.59,1901284.59,6149.11
2018-07-13 00:00:00,0.10956030065574283,0.20687239073099853,4339.0,6149.11,6267.31,6072.0,1039.01,6412278.5,6243.88
2018-07-13 01:00:00,0.1059331692447039,0.2131436722864254,4112.0,6243.53,6284.05,6214.94,466.27,2910899.5,6236.88
2018-07-13 02:00:00,0.10359979844473512,0.20187772547668398,4080.0,6236.88,6249.82,6231.94,114.45,714175.12,6232.71
2018-07-13 03:00:00,0.12033375545093336,0.21227923614457422,4205.0,6232.88,6254.67,6228.76,187.3,1168928.22,6242.9
2018-07-13 04:00:00,0.09555287236451522,0.21991078312830262,4395.0,6242.89,6252.93,6236.55,139.55,871611.63,6249.87
2018-07-13 05:00:00,0.10343047308156315,0.2078529458176204,4179.0,6248.2,6264.75,6236.01,219.95,1375165.61,6245.68
2018-07-13 06:00:00,0.10165723968487417,0.20809832469539916,3760.0,6245.68,6256.75,6229.16,242.49,1513210.93,6244.39
2018-07-13 07:00:00,0.1022300476629104,0.21493596730628992,3875.0,6243.18,6247.98,6212.21,184.38,1148580.47,6230.01
2018-07-13 08:00:00,0.10611204722476755,0.21574199226407334,5072.0,6230.4,6253.9,6229.38,236.18,1474017.93,6249.19
2018-07-13 09:00:00,0.09147283872454691,0.18770163229568818,4500.0,6247.92,6250.0,6229.1,128.9,804393.43,6233.96
2018-07-13 10:00:00,0.09960890509981776,0.1912204222641126,4818.0,6232.96,6245.47,6230.0,154.3,962281.91,6234.85
2018-07-13 11:00:00,0.09279532026486634,0.19179629084253394,4671.0,6234.85,6245.87,6226.18,94.38,588479.19,6234.22
2018-07-13 12:00:00,0.08698310262415916,0.19715054617599925,5181.0,6232.0,6248.99,6228.08,62.82,391997.33,6241.75
2018-07-13 13:00:00,0.09692751891658306,0.2049111160954308,5298.0,6240.4,6286.36,6238.0,423.94,2655456.13,6269.06
2018-07-13 14:00:00,0.09758484220495918,0.2026232776304885,5200.0,6272.4,6275.68,6228.67,394.0,2460513.08,6244.01
2018-07-13 15:00:00,0.10318213207626459,0.21142511129952427,5116.0,6237.15,6264.35,6224.15,255.99,1599106.41,6245.99
2018-07-13 16:00:00,0.09606416499703098,0.21215766204215622,5240.0,6245.99,6259.88,6237.0,195.93,1224745.98,6259.88
2018-07-13 17:00:00,0.09716123209848196,0.21828153018266383,5558.0,6259.88,6268.05,6240.81,211.09,1319500.19,6254.99
2018-07-13 18:00:00,0.08435959209609722,0.21622885818149568,5611.0,6254.99,6267.99,6247.11,97.84,612655.54,6264.94
2018-07-13 19:00:00,0.08853718581752733,0.2203785027686753,5462.0,6264.91,6337.25,6226.99,571.75,3589882.19,6237.5
2018-07-13 20:00:00,0.0923034543430851,0.21997207545969977,5030.0,6237.5,6245.78,6166.44,521.21,3228298.36,6174.99
2018-07-13 21:00:00,0.10018122677823708,0.2161121468814689,4852.0,6177.35,6227.63,6121.01,612.28,3779623.53,6186.39
2018-07-13 22:00:00,0.10095012149820652,0.23085818907913794,4449.0,6185.5,6229.0,6180.01,125.81,780174.87,6215.85
2018-07-13 23:00:00,0.1134672424714027,0.22556652665784138,4208.0,6211.37,6225.39,6190.26,123.72,767545.63,6219.58
2018-07-14 00:00:00,0.05169492007778924,0.21856501239382975,4371.0,6219.99,6248.94,6196.0,136.74,850825.64,6215.59
2018-07-14 01:00:00,0.09950923554101708,0.2206044590073266,3907.0,6208.78,6273.97,6208.78,219.37,1370473.06,6237.99
2018-07-14 02:00:00,0.11187410939405736,0.2202844564046976,3231.0,6237.98,6277.72,6214.11,171.24,1069456.99,6234.38
2018-07-14 03:00:00,0.10049279048164668,0.20310504263708248,3558.0,6231.23,6240.0,6219.1,56.15,349888.49,6225.99
2018-07-14 04:00:00,0.11271226782328998,0.22446433324987566,3130.0,6226.86,6227.67,6193.5,94.03,583969.64,6206.99
2018-07-14 05:00:00,0.09652272423735678,0.2239328919413113,3415.0,6203.33,6224.8,6200.03,66.12,411019.51,6216.99
2018-07-14 06:00:00,0.09735811595016991,0.20637940889185244,3114.0,6218.51,6233.38,6210.57,78.19,486424.82,6220.53
2018-07-14 07:00:00,0.103780244266209,0.19285173493268673,3499.0,6220.53,6230.1,6201.97,75.07,466915.22,6212.81
2018-07-14 08:00:00,0.0945108516295059,0.20254888141149976,4442.0,6212.92,6225.0,6204.91,95.79,595704.78,6220.06
2018-07-14 09:00:00,0.09481203456127495,0.20144380409280152,3641.0,6221.8,6225.0,6203.79,98.38,611258.48,6216.2
2018-07-14 10:00:00,0.0785761518393219,0.21936172359370504,4093.0,6216.2,6219.54,6180.0,130.22,807423.98,6195.32
2018-07-14 11:00:00,0.08584598156862443,0.19659144803432665,4381.0,6203.99,6223.48,6195.73,39.45,244914.76,6220.48
2018-07-14 12:00:00,0.08813036199981576,0.19326561881496315,4271.0,6220.48,6239.45,6215.79,42.5,264821.93,6233.0
2018-07-14 13:00:00,0.08948837953046178,0.17648722495220495,4890.0,6231.13,6242.21,6224.63,82.37,513436.44,6236.12
2018-07-14 14:00:00,0.09100328219923795,0.19926593911037158,4768.0,6235.76,6240.92,6222.8,32.42,201957.74,6237.0
2018-07-14 15:00:00,0.08687249609815068,0.1916351459166314,4637.0,6231.95,6244.43,6226.23,48.81,304512.55,6238.2
2018-07-14 16:00:00,0.08541838397706562,0.21048857295933318,4399.0,6238.2,6240.0,6216.18,47.57,296455.69,6239.99
2018-07-14 17:00:00,0.08328018219976774,0.229995432773997,4293.0,6239.55,6270.69,6239.55,133.93,838019.93,6262.0
2018-07-14 18:00:00,0.07986841649398302,0.23248332235550545,3861.0,6262.99,6270.59,6248.74,259.41,1624071.38,6255.49
2018-07-14 19:00:00,0.08645546626420936,0.21603397917127862,3862.0,6259.54,6298.0,6229.48,68.14,426747.86,6237.68
2018-07-14 20:00:00,0.08030492195122882,0.2035296529301922,3989.0,6239.99,6269.53,6200.01,146.93,916476.48,6267.99
2018-07-14 21:00:00,0.09313462281643667,0.21950797348744847,4056.0,6269.53,6317.84,6205.47,425.57,2664428.61,6270.31
2018-07-14 22:00:00,0.10330089707235544,0.22135970695783896,3466.0,6270.3,6286.37,6257.13,54.81,343757.75,6265.61
2018-07-14 23:00:00,0.1016246044466634,0.21187473667744477,3453.0,6265.07,6277.9,6238.48,63.91,399501.47,6246.57
2018-07-15 00:00:00,0.08645926265533192,0.19637008784261328,3344.0,6250.99,6261.06,6238.56,54.37,339748.71,6243.98
2018-07-15 01:00:00,0.07440800340954949,0.17433025080936304,3890.0,6245.99,6255.86,6227.76,63.46,396208.02,6243.42
2018-07-15 02:00:00,0.09153586908711045,0.19087176337574915,3136.0,6243.42,6247.97,6227.94,36.89,230131.13,6243.93
2018-07-15 03:00:00,0.09914894113188619,0.22633646719980086,3121.0,6238.55,6250.64,6232.06,38.61,240983.43,6249.61
2018-07-15 04:00:00,0.09269128033174348,0.20158160932478605,3397.0,6249.61,6252.85,6235.12,175.88,1097749.25,6248.6
2018-07-15 05:00:00,0.0969583905604344,0.19882088768184264,3391.0,6248.6,6277.28,6248.6,77.26,484027.1,6266.27
2018-07-15 06:00:00,0.12450486511852168,0.22112820700711266,3328.0,6266.16,6280.41,6258.72,46.05,288836.56,6275.95
2018-07-15 07:00:00,0.0988669935841507,0.19227725225395115,3751.0,6278.82,6283.57,6266.26,86.17,540629.42,6274.99
2018-07-15 08:00:00,0.09638586963250599,0.23420282158809222,4613.0,6270.26,6279.5,6256.5,22.0,137960.07,6277.0
2018-07-15 09:00:00,0.11079858545480217,0.22384213168365805,3865.0,6277.0,6349.47,6267.31,299.95,1891954.57,6311.47
2018-07-15 10:00:00,0.12746877528258913,0.22103256652160957,4084.0,6305.67,6330.99,6296.72,199.63,1260251.48,6302.99
2018-07-15 11:00:00,0.11613103897994907,0.20725430234489406,4156.0,6303.85,6384.47,6303.85,508.32,3225731.02,6336.0
2018-07-15 12:00:00,0.12037205312234465,0.2153608557262819,4178.0,6332.99,6359.81,6325.96,357.15,2268610.84,6353.01
2018-07-15 13:00:00,0.12241130247880065,0.23832342374193266,4683.0,6353.01,6360.89,6324.21,91.99,583242.7,6329.26
2018-07-15 14:00:00,0.11634313134396271,0.22410089987047968,4303.0,6329.26,6359.06,6322.03,111.84,709071.63,6354.96
2018-07-15 15:00:00,0.11613708011053471,0.21907138095607467,4397.0,6356.86,6362.94,6327.14,140.14,889382.77,6347.99
2018-07-15 16:00:00,0.10994101696467036,0.2279774612159839,3801.0,6347.98,6376.98,6342.62,249.59,1586484.37,6372.36
2018-07-15 17:00:00,0.10674266070473037,0.22293243238284427,4492.0,6374.58,6397.21,6362.7,106.36,678296.77,6374.74
2018-07-15 18:00:00,0.10997613960865044,0.23374366728242194,3964.0,6378.88,6393.51,6354.12,294.5,1879818.44,6383.0
2018-07-15 19:00:00,0.09045161714398472,0.226387896197765,3445.0,6383.0,6383.0,6349.47,65.63,417658.22,6349.72
2018-07-15 20:00:00,0.08711509708244272,0.20652699734090638,3505.0,6354.97,6372.94,6349.47,72.23,459477.97,6362.99
2018-07-15 21:00:00,0.09560266939710718,0.2363889192541693,3590.0,6362.99,6372.69,6355.29,83.2,529393.61,6372.69
2018-07-15 22:00:00,0.08745570188051328,0.2233889519208471,3198.0,6372.87,6397.21,6369.12,157.75,1006828.31,6379.95
2018-07-15 23:00:00,0.10067384092591493,0.22686999793487145,3187.0,6379.95,6388.82,6350.11,177.91,1133835.24,6361.63
2018-07-16 00:00:00,0.10101162074136538,0.22640124740108136,2998.0,6361.68,6373.07,6336.01,93.76,595245.86,6349.3
2018-07-16 01:00:00,0.10680389406136824,0.21421138664372752,3695.0,6353.25,6377.82,6340.53,117.74,748249.33,6350.52
2018-07-16 02:00:00,0.10851873206700743,0.19241046825043137,3771.0,6349.46,6354.99,6339.58,112.25,712492.32,6345.61
2018-07-16 03:00:00,0.13063382784526958,0.2287674128269762,3299.0,6345.49,6363.53,6333.63,223.51,1417294.48,6351.87
2018-07-16 04:00:00,0.11510180723062069,0.22669744921558144,3171.0,6351.68,6370.0,6346.49,198.15,1260752.84,6352.93
2018-07-16 05:00:00,0.12421010338306845,0.22375148377130483,3683.0,6352.99,6357.17,6338.86,97.74,620504.75,6344.03
2018-07-16 06:00:00,0.10025139746450867,0.19986633661542283,3831.0,6344.03,6367.99,6342.76,158.7,1009238.67,6362.99
2018-07-16 07:00:00,0.12006243489878883,0.22294543258347688,3948.0,6362.99,6380.01,6355.07,119.64,761752.33,6363.13
2018-07-16 08:00:00,0.10381535148494465,0.20600678278535753,4602.0,6362.98,6365.67,6348.41,157.83,1002695.44,6359.74
2018-07-16 09:00:00,0.08866044469405737,0.18684176442941855,4378.0,6359.74,6396.08,6340.0,372.24,2369598.53,6368.02
2018-07-16 10:00:00,0.09820637577528228,0.20079615873035667,5585.0,6367.99,6530.0,6360.0,1147.69,7418674.01,6522.15
2018-07-16 11:00:00,0.09356232328934051,0.19267955935679773,5841.0,6516.03,6553.0,6496.46,610.8,3983335.56,6542.77
2018-07-16 12:00:00,0.09658528762607374,0.20456811655826818,6359.0,6542.99,6667.0,6527.19,912.03,6022860.97,6625.99
2018-07-16 13:00:00,0.0920606179084515,0.2004977756567735,7133.0,6627.99,6633.18,6587.3,436.89,2886535.04,6599.25
2018-07-16 14:00:00,0.08435536040922681,0.1919805585897622,7280.0,6598.72,6619.97,6576.8,398.27,2627631.55,6588.18
2018-07-16 15:00:00,0.08570224612525415,0.2124886445303301,6690.0,6581.87,6631.4,6580.0,369.45,2443755.81,6621.57
2018-07-16 16:00:00,0.08231677287304599,0.21623361865548088,6271.0,6627.63,6647.85,6608.26,320.53,2124754.87,6623.44
2018-07-16 17:00:00,0.10487584012803053,0.2243072925380704,5898.0,6628.12,6652.26,6610.63,697.8,4633743.83,6617.04
2018-07-16 18:00:00,0.09189594855473134,0.22327380578556308,5539.0,6619.98,6724.78,6613.72,933.84,6232959.77,6665.62
2018-07-16 19:00:00,0.10079133823349068,0.22437945772881338,4967.0,6665.8,6700.0,6659.51,436.1,2913361.09,6660.56
2018-07-16 20:00:00,0.09804340086611071,0.20411718528510037,4937.0,6661.02,6689.94,6635.0,297.5,1981897.93,6675.01
2018-07-16 21:00:00,0.09274331640552064,0.2182669786906523,4692.0,6674.96,6674.96,6651.01,245.83,1638392.23,6661.11
2018-07-16 22:00:00,0.09794827588098044,0.23045003961517432,4290.0,6656.59,6668.32,6641.35,151.51,1008524.63,6661.66
2018-07-16 23:00:00,0.08960596210615838,0.2111357903786806,3996.0,6659.17,6697.23,6651.91,188.37,1257005.96,6671.97
2018-07-17 00:00:00,0.08441498966342238,0.20378772478045137,4159.0,6668.87,6755.0,6662.04,699.65,4700740.52,6721.04
2018-07-17 01:00:00,0.07757985257908741,0.18945709572627056,4146.0,6721.21,6741.59,6700.36,375.73,2526123.13,6740.87
2018-07-17 02:00:00,0.07779411857484492,0.1815114455443646,4063.0,6741.59,6749.11,6696.0,247.99,1666318.6,6721.0
2018-07-17 03:00:00,0.08803316649020868,0.19529453582262724,3542.0,6720.99,6734.87,6712.29,194.25,1307163.64,6734.4
2018-07-17 04:00:00,0.08060551768147316,0.18854092053740948,3596.0,6734.4,6749.7,6724.5,247.25,1665494.07,6738.86
2018-07-17 05:00:00,0.07906925575205595,0.19812163257553825,3943.0,6738.86,6755.14,6702.91,328.33,2207847.78,6707.47
2018-07-17 06:00:00,0.08166557090545296,0.1988207290633254,3782.0,6706.12,6718.3,6679.58,306.45,2053621.55,6688.11
2018-07-17 07:00:00,0.08926668742545174,0.19717730891360574,3740.0,6689.3,6696.63,6657.95,387.29,2587491.88,6670.93
2018-07-17 08:00:00,0.08669627364776862,0.20270935828254527,4895.0,6671.21,6702.19,6668.64,194.46,1300997.96,6698.76
2018-07-17 09:00:00,0.08404939264271777,0.19747495622359704,4598.0,6699.66,6734.78,6694.19,341.46,2294438.1,6715.07
2018-07-17 10:00:00,0.07728310090551331,0.21391281443005386,4858.0,6719.97,6719.97,6693.17,173.23,1161670.06,6702.3
2018-07-17 11:00:00,0.0880541898029586,0.21086802375649066,5356.0,6697.33,6720.0,6696.01,155.38,1042120.84,6718.26
2018-07-17 12:00:00,0.09866325851638928,0.228294372473011,5903.0,6719.21,6724.34,6675.63,201.22,1348614.56,6683.14
2018-07-17 13:00:00,0.0994711918334477,0.21600808100382365,5666.0,6682.19,6708.01,6674.6,341.78,2287346.9,6699.3
2018-07-17 14:00:00,0.1038629340479667,0.2376332340151667,5770.0,6699.76,6710.0,6682.88,207.8,1391864.94,6697.53
2018-07-17 15:00:00,0.10365502473897802,0.2271468083106771,5911.0,6696.0,6764.47,6690.25,477.88,3212613.38,6718.0
2018-07-17 16:00:00,0.09877498471380865,0.21739572998063109,6300.0,6718.0,6789.0,6711.68,407.12,2747512.48,6779.23
2018-07-17 17:00:00,0.09924709835707932,0.21905868387840996,5622.0,6778.18,6778.18,6733.51,294.3,1986746.72,6751.72
2018-07-17 18:00:00,0.09450994365782422,0.22158155212170066,7995.0,6748.56,7264.47,6745.83,2640.49,18620560.8,7183.99
2018-07-17 19:00:00,0.08938425271174931,0.23788686788771235,10452.0,7186.99,7468.31,7171.33,2600.32,19126407.89,7346.91
2018-07-17 20:00:00,0.08826820193223688,0.22801567852606316,7354.0,7348.42,7375.65,7295.13,874.26,6408774.66,7295.13
2018-07-17 21:00:00,0.08757832718459499,0.2214965284757346,6001.0,7295.13,7332.21,7295.13,582.84,4263944.05,7317.11
2018-07-17 22:00:00,0.10081845661400027,0.22948639301796517,5717.0,7317.11,7388.38,7312.89,378.16,2781076.34,7360.6
2018-07-17 23:00:00,0.08739853380203005,0.20683654015580452,5405.0,7360.6,7379.0,7269.84,474.87,3475255.97,7310.56
2018-07-18 00:00:00,0.10458653605004535,0.22565920099699327,4989.0,7315.57,7338.55,7296.6,270.47,1979623.49,7310.71
2018-07-18 01:00:00,0.10426692766856487,0.2150542494067622,4636.0,7310.71,7369.52,7310.71,245.16,1799395.28,7341.22
2018-07-18 02:00:00,0.09539051572444865,0.19786297896745184,4829.0,7342.1,7352.41,7315.01,125.74,922275.1,7336.99
2018-07-18 03:00:00,0.10018737266442283,0.22056466916427314,4799.0,7335.94,7449.68,7328.49,511.71,3775483.69,7401.0
2018-07-18 04:00:00,0.10003658691113283,0.21010508601828456,5090.0,7401.0,7546.68,7401.0,1576.15,11798048.6,7458.54
2018-07-18 05:00:00,0.09632101300041417,0.19897012116782847,4972.0,7459.92,7471.41,7400.0,351.11,2608164.78,7433.0
2018-07-18 06:00:00,0.10810567198577267,0.20782090857300461,4653.0,7433.0,7481.07,7416.27,281.91,2097039.92,7459.23
2018-07-18 07:00:00,0.09837631003006138,0.19710796290408308,5090.0,7459.23,7477.57,7449.25,304.67,2272795.48,7464.86
2018-07-18 08:00:00,0.10286441641920244,0.20909074678772308,6332.0,7464.36,7466.0,7403.8,665.62,4944348.99,7433.46
2018-07-18 09:00:00,0.10236345987876981,0.1995544952702377,5765.0,7436.58,7437.98,7317.83,773.15,5691054.24,7362.08
2018-07-18 10:00:00,0.09893850443227278,0.2046419638769042,5694.0,7362.98,7395.63,7361.96,338.75,2499982.03,7395.63
2018-07-18 11:00:00,0.08721378948642718,0.20327885161459489,5534.0,7392.63,7424.42,7362.19,269.83,1996662.83,7397.61
2018-07-18 12:00:00,0.08452868963858916,0.19673796033717042,6844.0,7397.61,7434.45,7380.97,386.63,2866370.21,7410.65
2018-07-18 13:00:00,0.08691865918191342,0.20876507790721302,7171.0,7415.62,7468.31,7407.48,462.37,3441667.99,7430.0
2018-07-18 14:00:00,0.09715237581185075,0.2151440570451033,7209.0,7433.99,7461.62,7385.98,383.98,2851271.78,7449.43
2018-07-18 15:00:00,0.09719707503910022,0.2140918216301937,7222.0,7445.35,7525.17,7425.76,630.39,4706264.24,7446.3
2018-07-18 16:00:00,0.09856703142075066,0.22027114066808534,6733.0,7442.35,7442.35,7378.0,817.06,6055122.46,7422.88
2018-07-18 17:00:00,0.10700218237766784,0.23218631464650394,6493.0,7417.81,7451.99,7410.89,221.67,1647469.3,7431.18
2018-07-18 18:00:00,0.11935964400029529,0.24128665869962426,5765.0,7433.67,7513.38,7428.63,1103.91,8247570.88,7500.86
2018-07-18 19:00:00,0.11004891527390581,0.23781049893042644,6211.0,7498.5,7599.98,7376.0,1490.02,11172723.69,7428.05
2018-07-18 20:00:00,0.10739199869227331,0.24353434180133784,5597.0,7422.02,7442.4,7339.12,649.21,4794432.56,7400.0
2018-07-18 21:00:00,0.10121197130126297,0.24342249598605217,5381.0,7393.77,7393.77,7239.15,949.03,6922391.06,7336.18
2018-07-18 22:00:00,0.10244741599158645,0.23728994500190434,4597.0,7337.99,7357.26,7299.92,177.31,1300009.44,7332.6
2018-07-18 23:00:00,0.09582295967638106,0.22565433501245782,4333.0,7325.66,7388.99,7278.88,324.78,2380734.14,7359.68
2018-07-19 00:00:00,0.07359266204853114,0.21975802525110122,4225.0,7362.54,7394.09,7340.71,307.69,2268343.66,7374.88
2018-07-19 01:00:00,0.09088181849508321,0.20757276547809825,4603.0,7384.92,7384.92,7305.0,201.54,1479387.55,7340.77
2018-07-19 02:00:00,0.10544487159119742,0.21616249279499702,4281.0,7342.6,7342.6,7278.84,286.2,2091067.8,7298.95
2018-07-19 03:00:00,0.12028376135888774,0.22015166158516353,4346.0,7301.74,7342.45,7280.92,322.28,2354462.88,7323.19
2018-07-19 04:00:00,0.10575343210474486,0.20353374171222816,4618.0,7320.75,7357.26,7316.87,131.57,965522.38,7316.87
2018-07-19 05:00:00,0.11944988528427804,0.22145330825652093,4482.0,7319.58,7347.16,7305.67,203.41,1490708.7,7315.98
2018-07-19 06:00:00,0.11394853026434082,0.21496222114861888,4422.0,7312.37,7336.99,7300.33,185.65,1359245.16,7329.47
2018-07-19 07:00:00,0.11660140494214971,0.22604099746407488,4810.0,7329.47,7362.09,7326.23,262.75,1929530.25,7332.58
2018-07-19 08:00:00,0.10234580298997183,0.2079983409586107,6110.0,7331.58,7345.39,7293.59,202.74,1484532.8,7310.83
2018-07-19 09:00:00,0.10890424448438812,0.2110123359473201,5441.0,7310.83,7338.41,7298.38,358.44,2622125.54,7324.03
2018-07-19 10:00:00,0.10259191610439748,0.19155543801644864,5681.0,7323.44,7420.0,7321.97,532.98,3927556.9,7408.79
2018-07-19 11:00:00,0.09756634607806124,0.2002868882588213,5861.0,7407.76,7420.71,7370.46,218.13,1611513.72,7374.87
2018-07-19 12:00:00,0.10470509818970977,0.22154672720611843,6197.0,7374.83,7434.34,7359.94,624.64,4622003.24,7416.99
2018-07-19 13:00:00,0.10366334418573576,0.21574768659840218,6151.0,7417.6,7452.0,7406.78,334.26,2482521.47,7423.27
2018-07-19 14:00:00,0.10688106583353042,0.22254927883140213,6584.0,7423.27,7513.0,7414.05,703.35,5248927.21,7486.65
2018-07-19 15:00:00,0.11044259314994757,0.2338962169074704,6786.0,7484.21,7484.21,7431.1,485.06,3616235.46,7448.6
2018-07-19 16:00:00,0.11669284158808829,0.2348234412544244,6886.0,7454.44,7483.29,7363.63,735.65,5462758.12,7391.83
2018-07-19 17:00:00,0.09872221884419828,0.21150099988977572,6205.0,7391.83,7419.99,7348.27,609.23,4499487.53,7371.86
2018-07-19 18:00:00,0.10839835323482973,0.23050014608126324,5922.0,7363.07,7431.1,7358.62,353.88,2620114.63,7422.04
2018-07-19 19:00:00,0.1210115284698595,0.2446549891303321,5516.0,7421.89,7450.0,7406.46,248.57,1847374.31,7420.81
2018-07-19 20:00:00,0.12769561242543415,0.2620480951938342,5346.0,7424.43,7488.0,7415.0,335.15,2499285.31,7448.08
2018-07-19 21:00:00,0.11627265435113132,0.24421462507996972,4842.0,7448.08,7481.02,7414.66,341.19,2541848.79,7416.59
2018-07-19 22:00:00,0.12117015923875779,0.23701036943748027,4596.0,7421.22,7460.2,7420.22,45.09,335446.22,7436.93
2018-07-19 23:00:00,0.0787649784566368,0.23165228792384185,4187.0,7436.93,7570.9,7433.99,793.46,5947075.84,7479.61
2018-07-20 00:00:00,0.08728006645427411,0.2209028353939531,4039.0,7485.18,7510.43,7431.1,288.01,2150833.25,7471.42
2018-07-20 01:00:00,0.11516674961173322,0.2221229195530492,4113.0,7474.35,7475.99,7367.09,395.84,2932585.49,7409.27
2018-07-20 02:00:00,0.10425012582819412,0.2272496181537681,3795.0,7409.62,7456.04,7389.34,193.28,1435525.58,7454.99
2018-07-20 03:00:00,0.07460754622046298,0.21440884171861302,4032.0,7455.67,7471.23,7440.71,165.44,1233432.4,7453.99
2018-07-20 04:00:00,0.1037929786100678,0.20109405904353525,3820.0,7455.15,7467.35,7428.37,188.45,1404045.57,7464.99
2018-07-20 05:00:00,0.10570982080896332,0.22670832913753183,4181.0,7464.99,7466.48,7433.89,133.83,996276.67,7446.46
2018-07-20 06:00:00,0.10053325863541185,0.21788108532109776,3782.0,7446.46,7454.99,7398.94,279.81,2077634.57,7409.78
2018-07-20 07:00:00,0.08414827709682643,0.21499163800879564,4313.0,7409.78,7429.36,7338.91,630.88,4659133.12,7368.86
2018-07-20 08:00:00,0.09010914398328636,0.20536192724458174,5755.0,7366.46,7446.8,7340.56,659.84,4872673.97,7439.8
2018-07-20 09:00:00,0.09879370523308237,0.22031407763039842,5104.0,7438.04,7503.81,7433.81,548.73,4094985.82,7462.19
2018-07-20 10:00:00,0.08814294560410647,0.18488960368603197,5180.0,7462.76,7479.99,7425.0,331.32,2468681.38,7441.72
2018-07-20 11:00:00,0.10208339855904663,0.21178035276313925,5272.0,7439.52,7471.0,7437.96,234.2,1747024.94,7464.71
2018-07-20 12:00:00,0.09804571430916943,0.20979500104083415,5459.0,7465.73,7514.47,7458.15,366.74,2744311.79,7494.0
2018-07-20 13:00:00,0.09371463122741983,0.2187961052503923,5598.0,7494.0,7506.96,7437.47,245.64,1833699.6,7465.04
2018-07-20 14:00:00,0.1171893448208811,0.2260779619183398,6369.0,7465.33,7478.73,7440.09,135.4,1010243.63,7466.15
2018-07-20 15:00:00,0.10416287280578328,0.22643467088380403,6399.0,7466.15,7497.58,7431.1,318.68,2380183.59,7475.51
2018-07-20 16:00:00,0.10553985034667926,0.21745263970717474,6361.0,7475.51,7517.84,7447.21,290.96,2174703.55,7471.67
2018-07-20 17:00:00,0.09850890569577489,0.21561035761872477,6394.0,7471.46,7696.88,7463.39,1510.0,11439228.05,7463.39
2018-07-20 18:00:00,0.10134484567020713,0.23067609815253698,6217.0,7461.0,7492.15,7290.01,1046.06,7723792.29,7330.39
2018-07-20 19:00:00,0.09659720598948149,0.226286999012059,5433.0,7332.45,7388.0,7265.0,479.71,3516136.44,7357.98
2018-07-20 20:00:00,0.10229267973913325,0.2380914675633593,4785.0,7354.54,7380.99,7290.0,289.33,2122913.02,7344.97
2018-07-20 21:00:00,0.10900678497248634,0.23506402045291955,4398.0,7344.99,7375.0,7321.77,147.05,1080813.42,7349.99
2018-07-20 22:00:00,0.10832154132262885,0.24604585086842823,3684.0,7350.28,7370.77,7284.48,130.47,957538.97,7300.22
2018-07-20 23:00:00,0.09528614152701649,0.23572697984581573,3691.0,7300.22,7372.2,7276.43,221.74,1624157.14,7359.41
2018-07-21 00:00:00,0.0933235286912038,0.20864850497750845,3541.0,7359.41,7359.41,7305.51,435.78,3191418.87,7330.84
2018-07-21 01:00:00,0.11307970936560656,0.22957918763657537,3973.0,7330.84,7330.84,7212.0,870.94,6330338.54,7237.33
2018-07-21 02:00:00,0.09658274372458275,0.2004882477405005,4107.0,7237.52,7272.82,7222.04,148.68,1077986.74,7260.82
2018-07-21 03:00:00,0.1128373221892612,0.2257256708766154,3546.0,7260.81,7301.55,7255.36,232.07,1691227.04,7276.99
2018-07-21 04:00:00,0.10440665521966554,0.20534172494766,3429.0,7276.99,7292.98,7256.7,99.61,724964.94,7276.7
2018-07-21 05:00:00,0.1217976329133393,0.22545816021356463,3608.0,7276.7,7301.71,7252.01,66.48,483680.98,7301.65
2018-07-21 06:00:00,0.10741531073319543,0.20666120511628086,3556.0,7301.74,7334.74,7286.9,150.87,1102500.41,7322.46
2018-07-21 07:00:00,0.10464420305147851,0.2204195054748561,3672.0,7328.24,7352.42,7305.07,202.44,1483369.93,7343.78
2018-07-21 08:00:00,0.10354493260245629,0.22569615022402867,4264.0,7343.27,7344.99,7311.6,199.19,1459975.45,7322.97
2018-07-21 09:00:00,0.1098208735910409,0.21986457019400601,3827.0,7321.09,7328.12,7297.74,90.87,664644.84,7312.98
2018-07-21 10:00:00,0.11901263145477894,0.21877047037671676,4266.0,7312.99,7339.49,7307.06,70.72,518060.6,7323.96
2018-07-21 11:00:00,0.10593457957705563,0.21222636737527462,3937.0,7320.01,7333.74,7281.42,358.36,2614648.61,7286.96
2018-07-21 12:00:00,0.09928269927455888,0.19453921211553568,4589.0,7286.95,7321.05,7281.55,126.68,923983.24,7313.47
2018-07-21 13:00:00,0.11923258790066131,0.21638568264272276,4439.0,7307.09,7357.25,7293.04,156.19,1145572.08,7340.29
2018-07-21 14:00:00,0.10098612445382547,0.2016477467970073,4529.0,7340.99,7370.0,7340.0,250.54,1843444.5,7356.01
2018-07-21 15:00:00,0.10157389389702721,0.202950967384158,4902.0,7352.0,7380.66,7345.26,182.97,1347541.91,7350.68
2018-07-21 16:00:00,0.09641253371676677,0.21278828120634385,4833.0,7350.68,7413.2,7336.59,196.62,1453185.74,7390.67
2018-07-21 17:00:00,0.0995958974354282,0.20680878531929076,4700.0,7389.98,7429.79,7382.99,156.83,1161130.54,7399.97
2018-07-21 18:00:00,0.10905814218071068,0.22951690316149903,4210.0,7397.18,7428.78,7371.93,170.1,1258317.25,7410.33
2018-07-21 19:00:00,0.07858763234272367,0.2569517234589236,4097.0,7405.12,7443.33,7405.11,87.93,653121.75,7432.99
2018-07-21 20:00:00,0.1113174433622039,0.2267321518306913,3831.0,7433.99,7449.66,7393.01,80.07,594254.35,7424.99
2018-07-21 21:00:00,0.11224272657066275,0.23438750080921497,3591.0,7418.61,7458.0,7409.56,69.65,517298.07,7414.2
2018-07-21 22:00:00,0.09651080685798608,0.21117207476044,3859.0,7414.2,7430.16,7395.22,26.6,197235.09,7412.56
2018-07-21 23:00:00,0.10581036678100333,0.20383254887140026,4054.0,7412.56,7425.0,7396.83,29.27,216812.48,7415.57
2018-07-22 00:00:00,0.10194283543860032,0.21383450044430183,4367.0,7424.99,7425.0,7400.8,26.13,193732.87,7409.92
2018-07-22 01:00:00,0.1040755127249144,0.21786207321381515,3273.0,7398.16,7449.67,7336.15,268.23,1981138.35,7446.98
2018-07-22 02:00:00,0.1152619306152038,0.2088211541143237,3301.0,7446.45,7478.0,7422.96,110.05,820165.37,7472.39
2018-07-22 03:00:00,0.1194643276315172,0.2178897738159717,3235.0,7476.54,7486.04,7418.44,182.77,1363437.32,7433.53
2018-07-22 04:00:00,0.12050623290831733,0.22002535380158078,3241.0,7425.0,7430.16,7398.44,140.51,1041527.4,7408.48
2018-07-22 05:00:00,0.1350877194600542,0.23946630493812396,3096.0,7415.96,7415.96,7358.61,249.65,1843379.84,7394.89
2018-07-22 06:00:00,0.1262987140367526,0.245820422036782,3177.0,7389.1,7405.99,7365.0,117.91,870528.63,7404.89
2018-07-22 07:00:00,0.11411391234579984,0.2309179823335156,3383.0,7398.32,7405.55,7365.02,36.81,271870.33,7385.51
2018-07-22 08:00:00,0.11418540423608992,0.2216572789009823,3891.0,7393.17,7404.43,7380.5,90.13,666107.38,7388.59
2018-07-22 09:00:00,0.12278375136149591,0.2023395371945722,3863.0,7395.69,7462.42,7388.63,175.52,1304602.31,7442.52
2018-07-22 10:00:00,0.11977810676752554,0.21598897881516124,4253.0,7440.53,7455.01,7428.55,73.56,547357.24,7442.6
2018-07-22 11:00:00,0.10547037658357916,0.2006770907117357,4474.0,7434.3,7460.0,7426.63,102.93,766518.15,7447.7
2018-07-22 12:00:00,0.12202057407182905,0.20553985614888104,5258.0,7456.45,7468.31,7442.69,63.61,474263.13,7450.98
2018-07-22 13:00:00,0.09292394764555745,0.20145485862793946,4573.0,7450.88,7457.59,7427.11,84.88,631847.95,7429.06
2018-07-22 14:00:00,0.08671733818551153,0.18255175859268646,4850.0,7427.3,7486.98,7427.3,145.01,1081758.53,7459.55
2018-07-22 15:00:00,0.08965528482891023,0.183903537238312,4655.0,7459.56,7515.0,7449.75,288.01,2155953.39,7481.92
2018-07-22 16:00:00,0.10648621710232598,0.20488575993511304,5139.0,7481.92,7551.94,7481.92,687.13,5175198.38,7526.63
2018-07-22 17:00:00,0.10659364491955034,0.206219169508721,4769.0,7526.64,7544.93,7479.0,179.9,1352034.77,7517.17
2018-07-22 18:00:00,0.08911612480432447,0.20697637765328827,4332.0,7517.26,7523.37,7481.54,66.57,499181.8,7497.72
2018-07-22 19:00:00,0.08788718672766556,0.1950247629306966,4146.0,7493.03,7533.41,7493.03,75.79,569715.5,7508.51
2018-07-22 20:00:00,0.09081366743628874,0.20768423288149673,3764.0,7508.57,7535.0,7501.19,237.26,1784881.96,7520.01
2018-07-22 21:00:00,0.10586384162224395,0.21782724942968124,4331.0,7523.21,7546.99,7515.97,230.22,1734329.47,7520.0
2018-07-22 22:00:00,0.11126556695736717,0.2349190790601346,4033.0,7522.36,7581.03,7338.91,968.69,7187218.03,7365.92
2018-07-22 23:00:00,0.10922222548953939,0.2087997272094735,3853.0,7375.99,7423.2,7340.23,308.61,2278158.96,7406.09
2018-07-23 00:00:00,0.10475577050207723,0.1975975491182442,3461.0,7402.32,7413.97,7376.32,224.23,1658642.03,7396.6
2018-07-23 01:00:00,0.11149394600059791,0.212647853168363,3535.0,7393.5,7474.01,7369.86,609.63,4524224.24,7465.43
2018-07-23 02:00:00,0.11047602335988127,0.22075716985714774,3452.0,7465.68,7520.0,7448.82,217.97,1631448.96,7518.64
2018-07-23 03:00:00,0.09511737513819504,0.20342365895426537,3986.0,7518.64,7673.0,7511.86,1669.28,12700066.1,7637.22
2018-07-23 04:00:00,0.09786054067564111,0.1928907161786437,4245.0,7637.22,7648.99,7606.21,210.54,1605740.75,7629.49
2018-07-23 05:00:00,0.11115644692094986,0.19892366004931056,4420.0,7626.27,7707.68,7623.62,691.15,5300988.05,7679.95
2018-07-23 06:00:00,0.0930190659985257,0.1914312574946213,3764.0,7675.71,7678.69,7628.58,221.08,1691646.71,7649.09
2018-07-23 07:00:00,0.09844149580000178,0.2127421874307118,4030.0,7649.99,7703.83,7644.1,456.85,3505971.91,7680.0
2018-07-23 08:00:00,0.1032116792203447,0.20561868482535076,5550.0,7679.99,7786.92,7647.99,1135.38,8779071.84,7749.51
2018-07-23 09:00:00,0.08239309692567295,0.20248244219901074,5773.0,7749.51,7761.93,7678.7,494.54,3814472.79,7710.6
2018-07-23 10:00:00,0.0935212329017346,0.18504442677479818,5171.0,7711.42,7721.77,7666.59,385.52,2967772.35,7711.08
2018-07-23 11:00:00,0.10625135285351818,0.1971017527934391,5196.0,7716.81,7717.2,7670.0,269.5,2072539.69,7692.32
2018-07-23 12:00:00,0.113248706472941,0.227611147137981,5627.0,7692.46,7711.99,7644.14,373.01,2865394.65,7683.28
2018-07-23 13:00:00,0.09681735481146139,0.20133591857355834,5724.0,7683.28,7716.81,7660.0,223.22,1715839.95,7699.99
2018-07-23 14:00:00,0.08262967845476092,0.21096312091455532,6166.0,7699.99,7728.86,7695.74,438.37,3380900.33,7716.09
2018-07-23 15:00:00,0.09774247097918552,0.2200634400549309,5847.0,7716.09,7721.77,7680.51,442.38,3409098.97,7694.43
2018-07-23 16:00:00,0.09576028411968329,0.21172021045644548,5821.0,7694.56,7740.0,7687.49,828.8,6400465.69,7716.45
2018-07-23 17:00:00,0.09950865597332739,0.23053129702339756,5665.0,7719.99,7740.0,7701.99,592.3,4577037.35,7733.59
2018-07-23 18:00:00,0.0932363588627437,0.2090972509522472,5399.0,7733.59,7749.0,7707.39,324.45,2505429.39,7728.37
2018-07-23 19:00:00,0.09243442142842846,0.2301853582351032,5606.0,7727.4,7800.0,7638.03,1396.32,10800309.53,7735.53
2018-07-23 20:00:00,0.08816379064295315,0.22017791032853326,5420.0,7736.08,7800.0,7724.5,514.3,3993228.42,7744.19
2018-07-23 21:00:00,0.10728226544791052,0.23563579471332594,5164.0,7746.99,7763.59,7690.16,237.63,1836633.86,7706.0
2018-07-23 22:00:00,0.09449302248273747,0.271796113269155,4646.0,7699.13,7759.99,7690.5,63.31,489000.25,7750.09
2018-07-23 23:00:00,0.0742455916391433,0.2316396917419365,4455.0,7754.57,7777.0,7715.45,280.46,2173424.81,7722.32
2018-07-24 00:00:00,0.08086966898267806,0.2193670741288557,3862.0,7722.95,7730.61,7690.17,496.48,3830571.66,7719.62
2018-07-24 01:00:00,0.09071721460745699,0.2126255809666524,4620.0,7712.46,7727.7,7691.14,163.99,1264085.79,7723.22
