Date,Open,High,Low,Close,Volume
2015-09-26,239.99,239.99,234.81,235.2,190090
2015-09-27,235.2,235.36,232.91,234.51,258488
2015-09-28,234.51,234.76,233.03,233.29,161013
2015-09-29,233.29,243.19,232.9,240.07,319143
2015-09-30,240.07,241.5,235.81,237.0,368771
2015-10-01,237.0,238.2,235.56,236.55,294736
2015-10-02,236.55,239.53,234.63,238.1,180356
2015-10-03,238.1,238.99,237.09,238.0,133911
2015-10-04,238.0,241.0,237.53,239.67,127411
2015-10-05,239.67,239.93,238.3,238.58,148659
2015-10-06,238.58,240.85,237.77,240.85,255736
2015-10-07,240.85,249.0,240.68,247.09,536943
2015-10-08,247.09,247.8,243.43,243.43,428099
2015-10-09,243.43,245.73,243.0,243.19,393019
2015-10-10,243.19,244.91,242.99,244.4,466508
2015-10-11,244.4,246.08,243.77,246.0,300969
2015-10-12,246.0,248.56,245.18,248.13,657289
2015-10-13,248.13,248.41,245.7,246.38,710444
2015-10-14,246.38,251.49,244.47,250.76,1284157
2015-10-15,250.76,255.55,249.99,253.32,1196167
2015-10-16,253.32,257.18,253.04,254.86,3508869
2015-10-17,254.86,267.55,254.88,263.89,4632494
2015-10-18,263.89,278.51,263.0,273.91,9988015
2015-10-19,273.91,275.05,262.0,265.63,3216612
2015-10-20,265.63,270.69,261.55,265.35,2241882
2015-10-21,265.35,274.49,264.68,271.85,2770928
2015-10-22,271.85,273.45,263.88,268.37,2806074
2015-10-23,268.37,280.0,267.65,276.9,2263003
2015-10-24,276.9,282.38,275.47,279.8,1898945
2015-10-25,279.8,286.9,278.35,285.39,2753916
2015-10-26,285.39,299.51,282.9,285.79,5663816
2015-10-27,285.79,292.29,281.01,289.32,3596017
2015-10-28,289.32,305.32,286.89,296.51,4671955
2015-10-29,296.51,310.36,296.6,306.99,4231430
2015-10-30,306.99,322.0,303.14,316.6,5642264
2015-10-31,316.6,336.81,300.0,333.0,7526523
2015-11-01,333.0,338.7,307.53,317.73,5842767
2015-11-02,317.73,335.0,314.0,331.38,2599899
2015-11-03,331.38,380.0,326.95,371.98,3855966
2015-11-04,371.98,440.0,365.18,422.0,6102534
2015-11-05,422.0,558.0,382.0,424.0,5738641
2015-11-06,424.0,472.73,375.0,402.0,3820602
2015-11-07,402.0,408.32,359.0,377.61,3353266
2015-11-08,377.61,394.99,373.91,384.34,2032334
2015-11-09,384.34,394.82,365.0,372.0,1938629
2015-11-10,372.0,395.21,361.32,383.25,2043266
2015-11-11,383.25,385.96,326.88,339.45,3018387
2015-11-12,339.45,344.0,301.09,314.5,3906724
2015-11-13,314.5,349.84,313.7,338.25,3688177
2015-11-14,338.25,344.75,325.21,338.81,1939377
2015-11-15,338.81,345.03,329.31,333.63,1637971
2015-11-16,333.63,335.08,314.5,320.43,1621865
2015-11-17,320.43,334.77,314.1,332.05,1502612
2015-11-18,332.05,342.69,331.15,336.4,1530487
2015-11-19,336.4,339.69,328.77,336.5,1208577
2015-11-20,336.5,336.84,324.85,326.65,1209300
2015-11-21,326.65,327.37,309.99,322.09,1878107
2015-11-22,322.09,330.62,319.67,328.24,1113793
2015-11-23,328.24,328.6,319.81,324.92,912601
2015-11-24,324.92,331.94,320.96,323.81,803797
2015-11-25,323.81,323.76,315.79,319.8,927965
2015-11-26,319.8,334.49,315.84,329.42,1220511
2015-11-27,329.42,372.42,329.25,354.2,3054060
2015-11-28,354.2,367.4,350.0,361.7,2415770
2015-11-29,361.7,362.29,350.0,359.72,1678983
2015-11-30,359.72,382.74,355.1,379.5,1407040
2015-12-01,379.5,388.5,373.32,381.43,2619821
2015-12-02,381.43,384.75,347.03,364.1,2092391
2015-12-03,364.1,367.18,346.67,359.96,1896192
2015-12-04,359.96,372.7,355.0,362.32,1909147
2015-12-05,362.32,365.38,353.21,364.2,1174333
2015-12-06,364.2,395.0,363.35,394.0,1884756
2015-12-07,394.0,407.51,387.0,390.04,1995480
2015-12-08,390.04,405.62,384.0,396.7,1632998
2015-12-09,396.7,425.15,390.0,423.0,1589423
2015-12-10,423.0,428.7,407.5,422.14,3017529
2015-12-11,422.14,424.99,411.16,416.22,1725214
2015-12-12,416.22,463.78,416.64,460.0,5284695
2015-12-13,460.0,482.76,418.27,440.34,5297714
2015-12-14,440.34,449.8,419.99,437.5,2447010
2015-12-15,437.5,453.5,432.48,448.89,2231778
2015-12-16,448.89,471.0,447.48,469.98,3419075
2015-12-17,469.98,470.08,404.0,458.04,4154136
2015-12-18,458.04,459.76,446.17,456.36,1152674
2015-12-19,456.36,468.33,443.05,464.96,1493527
2015-12-20,464.96,467.5,451.37,461.6,1481469
2015-12-21,461.6,462.81,429.24,443.29,2584113
2015-12-22,443.29,446.0,423.7,439.31,2103651
2015-12-23,439.31,443.39,433.47,436.56,829379
2015-12-24,436.56,446.0,435.57,445.26,560732
2015-12-25,445.26,459.31,439.49,457.33,1020329
2015-12-26,457.33,461.56,448.48,455.44,612453
2015-12-27,455.44,458.45,402.86,416.76,2993927
2015-12-28,416.76,433.95,407.83,426.82,1267415
2015-12-29,426.82,432.67,417.87,422.5,1865178
2015-12-30,422.5,434.97,418.26,434.0,1033533
2015-12-31,434.0,434.47,419.97,424.0,841044
2016-01-01,424.0,434.23,415.99,430.76,1072844
2016-01-02,430.76,436.7,426.37,435.99,478071
2016-01-03,435.99,438.0,429.25,435.0,729519
2015-12-11,422.14,424.99,411.16,416.22,1725214
2015-12-12,416.22,463.78,416.64,460.0,5284695
2015-12-13,460.0,482.76,418.27,440.34,5297714
2015-12-14,440.34,449.8,419.99,437.5,2447010
2015-12-15,437.5,453.5,432.48,448.89,2231778
2015-12-16,448.89,471.0,447.48,469.98,3419075
2015-12-17,469.98,470.08,404.0,458.04,4154136
2015-12-18,458.04,459.76,446.17,456.36,1152674
2015-12-19,456.36,468.33,443.05,464.96,1493527
2015-12-20,464.96,467.5,451.37,461.6,1481469
2015-12-21,461.6,462.81,429.24,443.29,2584113
2015-12-22,443.29,446.0,423.7,439.31,2103651
2015-12-23,439.31,443.39,433.47,436.56,829379
2015-12-24,436.56,446.0,435.57,445.26,560732
2015-12-25,445.26,459.31,439.49,457.33,1020329
2015-12-26,457.33,461.56,448.48,455.44,612453
2015-12-27,455.44,458.45,402.86,416.76,2993927
2015-12-28,416.76,433.95,407.83,426.82,1267415
2015-12-29,426.82,432.67,417.87,422.5,1865178
2015-12-30,422.5,434.97,418.26,434.0,1033533
2015-12-31,434.0,434.47,419.97,424.0,841044
2016-01-01,424.0,434.23,415.99,430.76,1072844
2016-01-02,430.76,436.7,426.37,435.99,478071
2016-01-03,435.99,438.0,429.25,435.0,729519
2016-01-04,435.0,435.4,422.14,429.79,1218222
2016-01-05,429.79,436.44,427.5,432.3,798056
2016-01-06,432.3,434.97,429.0,432.57,480736
2016-01-07,432.57,432.2,425.01,428.72,555455
2016-01-08,428.72,464.04,426.12,461.02,3420928
2016-01-09,461.02,469.49,445.42,453.53,2973447
2016-01-10,453.53,454.81,444.86,450.0,1608658
2016-01-11,450.0,450.75,439.01,450.5,1316820
2016-01-12,450.5,454.89,445.28,450.43,2075229
2016-01-13,450.43,453.35,430.0,431.45,1762340
2016-01-14,431.45,438.01,420.48,429.94,2324192
2016-01-15,429.94,432.92,425.76,427.87,651926
2016-01-16,427.87,428.31,360.0,360.0,2562104
2016-01-17,360.0,391.44,350.83,388.6,2530911
2016-01-18,388.6,392.62,377.33,380.0,1923597
2016-01-19,380.0,389.1,373.16,384.53,1207683
2016-01-20,384.53,387.9,375.99,376.74,1139997
2016-01-21,376.74,428.0,372.99,421.44,2780268
2016-01-22,421.44,424.73,404.2,411.76,1709469
2016-01-23,411.76,412.26,368.01,381.8,3898698
2016-01-24,381.8,396.5,380.58,387.01,2642327
2016-01-25,387.01,408.79,386.21,403.67,1659215
2016-01-26,403.67,404.51,388.17,389.0,2331402
2016-01-27,389.0,397.01,386.98,391.55,1281634
2016-01-28,391.55,397.92,391.31,395.63,340083
2016-01-29,395.63,394.94,375.42,380.0,1200822
2016-01-30,380.0,385.58,361.0,377.35,2298885
2016-01-31,377.35,383.43,373.0,376.95,964099
2016-02-01,376.95,379.0,360.01,364.99,711509
2016-02-02,364.99,378.56,364.99,371.62,1783415
2016-02-03,371.62,376.13,369.99,372.69,637209
2016-02-04,372.69,373.9,365.71,369.78,1088239
2016-02-05,369.78,395.0,369.31,389.49,1487389
2016-02-06,389.49,398.98,384.59,385.39,914820
2016-02-07,385.39,386.18,371.0,374.3,1488034
2016-02-08,374.3,380.29,373.01,375.74,497376
2016-02-09,375.74,381.44,370.89,371.86,1034043
2016-02-10,371.86,377.8,371.15,375.55,184439
2016-02-11,375.55,385.93,374.82,381.39,347574
2016-02-12,381.39,383.0,374.0,378.2,482977
2016-02-13,378.2,384.56,377.47,382.22,716688
2016-02-14,382.22,395.0,382.11,394.85,924733
2016-02-15,394.85,409.4,394.33,408.92,1162021
2016-02-16,408.92,413.99,392.0,399.17,1986806
2016-02-17,399.17,410.0,397.17,406.6,1735067
2016-02-18,406.6,422.2,403.57,414.99,1568296
2016-02-19,414.99,426.11,414.5,420.77,1050982
2016-02-20,420.77,422.19,412.0,419.71,843415
2016-02-21,419.71,447.0,420.33,438.98,2922733
2016-02-22,438.98,451.61,427.5,439.87,2183112
2016-02-23,439.87,442.23,430.35,439.19,862594
2016-02-24,439.19,442.23,413.57,420.07,1412797
2016-02-25,420.07,426.83,410.65,424.52,786934
2016-02-26,424.52,431.11,418.8,424.46,1013217
2016-02-27,424.46,434.33,418.45,434.02,757074
2016-02-28,434.02,436.1,429.7,432.04,660402
2016-02-29,432.04,436.0,423.18,433.99,736904
2016-03-01,433.99,442.79,431.52,435.96,877171
2016-03-02,435.96,440.38,424.5,433.55,718888
2016-03-03,433.55,435.53,421.92,423.8,584575
2016-03-04,423.8,424.01,417.8,419.99,652635
2016-03-05,419.99,423.33,407.35,408.68,734758
2016-03-06,408.68,410.03,390.08,398.01,1053709
2016-03-07,398.01,410.38,392.76,404.08,507708
2016-03-08,404.08,414.58,402.28,412.92,550935
2016-03-09,412.92,415.24,409.02,412.49,260292
2016-03-10,412.49,414.15,408.1,413.64,218286
2016-03-11,413.64,418.08,411.06,418.03,316241
2016-03-12,418.03,423.48,416.61,421.87,648801
2016-03-13,421.87,421.96,407.23,411.4,878204
2016-03-14,411.4,416.17,411.17,412.58,147641
2016-03-15,412.58,416.01,412.58,415.68,153706
2016-03-16,415.68,418.05,413.25,415.53,168834
2016-03-17,415.53,417.73,413.47,416.86,118770
2016-03-18,416.86,419.46,417.0,419.2,124519
2016-03-19,419.2,418.6,402.49,408.68,406058
2016-03-20,408.68,409.81,403.68,409.25,316965
2016-03-21,409.25,412.55,406.81,412.24,258957
2016-03-22,412.24,412.25,407.53,412.25,239995
2016-03-23,412.25,417.77,411.18,416.99,233530
2016-03-24,416.99,419.0,414.55,416.57,440562
2016-03-25,416.57,418.36,412.41,415.67,375917
2016-03-26,415.67,416.84,410.88,415.82,298790
2016-03-27,415.82,418.4,413.45,416.5,214610
2016-03-28,416.5,433.97,415.82,425.5,1055387
2016-03-29,425.5,427.76,421.73,422.46,500286
2016-03-30,422.46,425.09,406.9,414.58,554114
2016-03-31,414.58,414.99,408.62,412.09,271640
2016-04-01,412.09,416.75,412.08,415.49,277938
2016-04-02,415.49,417.04,413.39,417.04,155005
2016-04-03,417.04,422.07,417.03,420.0,276964
2016-04-04,420.0,420.69,416.6,419.6,217898
2016-04-05,419.6,420.52,417.64,419.55,151366
2016-04-06,419.55,423.98,419.28,423.24,196764
2016-04-07,423.24,423.52,420.96,422.04,169323
2016-04-08,422.04,422.37,417.92,421.4,136234
2016-04-09,421.4,423.51,415.0,417.99,333475
2016-04-10,417.99,418.21,412.14,418.21,309777
2016-04-11,418.21,422.19,416.59,421.16,162242
2016-04-12,421.16,423.43,418.86,423.0,166892
2016-04-13,423.0,428.24,422.92,425.63,303902
2016-04-14,425.63,427.5,421.65,424.11,175775
2016-04-15,424.11,425.62,423.38,425.31,112112
2016-04-16,425.31,436.97,424.91,430.25,417871
2016-04-17,430.25,434.97,429.26,431.23,358783
2016-04-18,431.23,432.21,425.33,428.04,244919
2016-04-19,428.04,430.38,427.27,430.38,139790
2016-04-20,430.38,438.85,428.56,437.03,226325
2016-04-21,437.03,446.49,434.82,443.7,710504
2016-04-22,443.7,453.63,441.61,451.61,1047914
2016-04-23,451.61,451.94,444.23,448.0,764968
2016-04-24,448.0,454.75,445.82,454.75,956624
2016-04-25,454.75,467.12,447.81,464.32,2135164
2016-04-26,464.32,472.32,455.56,463.03,1222200
2016-04-27,463.03,473.39,462.63,468.43,943793
2016-04-28,468.43,469.99,443.03,445.11,1385867
2016-04-29,445.11,450.36,433.0,450.22,1049334
2016-04-30,450.22,457.17,445.79,456.39,607830
2016-05-01,456.39,456.39,445.52,446.7,309677
2016-05-02,446.7,452.8,446.57,451.41,311584
2016-05-03,451.41,452.52,437.06,443.59,891501
2016-05-04,443.59,451.46,439.66,449.75,416444
2016-05-05,449.75,449.7,444.07,446.95,311163
2016-05-06,446.95,450.12,445.43,448.09,414141
2016-05-07,448.09,463.9,447.1,459.91,440302
2016-05-08,459.91,462.47,457.38,459.52,311135
2016-05-09,459.52,460.62,455.61,459.9,288704
2016-05-10,459.9,465.51,456.5,462.23,291938
2016-05-11,462.23,463.49,445.6,450.6,416197
2016-05-12,450.6,454.33,450.33,451.56,218195
2016-05-13,451.56,455.3,446.4,454.75,338949
2016-05-14,454.75,457.72,452.56,456.49,374620
2016-05-15,456.49,458.43,454.69,455.81,650624
2016-05-16,455.81,459.6,454.84,457.75,547849
2016-05-17,457.75,458.82,450.33,452.7,974502
2016-05-18,452.7,454.38,451.65,452.75,569805
2016-05-19,452.75,456.25,452.07,454.01,376248
2016-05-20,454.01,454.23,432.86,433.0,2140400
2016-05-21,433.0,442.67,432.38,440.36,1143359
2016-05-22,440.36,441.7,437.26,440.49,511318
2016-05-23,440.49,440.98,434.81,436.61,1184607
2016-05-24,436.61,443.35,435.81,442.3,1074909
2016-05-25,442.3,445.44,441.64,443.06,773484
2016-05-26,443.06,449.58,443.32,447.01,1136596
2016-05-27,447.01,453.82,445.0,453.75,1240088
2016-05-28,453.75,485.95,453.75,474.55,3907916
2016-05-29,474.55,544.95,473.44,531.0,7109386
2016-05-30,531.0,571.0,512.49,536.74,5516528
2016-05-31,536.74,562.0,531.01,545.03,2986123
2016-06-01,545.03,552.48,520.0,537.01,4405265
2016-06-02,537.01,550.5,527.03,542.0,2706525
2016-06-03,542.0,546.36,533.52,542.02,1279430
2016-06-04,542.02,581.53,539.23,574.02,4368529
2016-06-05,574.02,596.2,565.17,574.26,3878502
2016-06-06,574.26,590.89,569.41,578.75,2155101
2016-06-07,578.75,596.59,577.43,591.59,2610125
2016-06-08,591.59,600.99,571.01,579.01,3652548
2016-06-09,579.01,589.6,572.79,586.86,3103739
2016-06-10,586.86,586.91,571.5,578.95,3180193
2016-06-11,578.95,585.59,575.0,582.28,2654189
2016-06-12,582.28,627.89,581.95,624.96,2849180
2016-06-13,624.96,702.5,616.69,682.99,11119434
2016-06-14,682.99,749.0,673.37,709.68,10063692
2016-06-15,709.68,707.86,659.0,684.07,6955671
2016-06-16,684.07,700.0,670.51,691.34,4030472
2016-06-17,691.34,788.0,696.8,773.68,10178172
2016-06-18,773.68,782.89,708.96,748.78,9244522
2016-06-19,748.78,791.68,721.51,753.9,8891191
2016-06-20,753.9,778.0,741.19,765.91,5381788
2016-06-21,765.91,767.0,723.06,737.0,7213672
2016-06-22,737.0,750.0,628.29,668.64,14736687
2016-06-23,668.64,682.06,584.0,603.99,8922536
2016-06-24,603.99,627.4,552.5,618.21,13999736
2016-06-25,618.21,681.06,617.88,666.32,9089269
2016-06-26,666.32,695.4,629.44,663.05,7906033
2016-06-27,663.05,664.71,598.59,627.5,6574603
2016-06-28,627.5,666.98,614.94,659.17,6750387
2016-06-29,659.17,663.79,631.85,646.55,4347746
2016-06-30,646.55,648.0,617.68,641.32,4200081
2016-07-01,641.32,679.95,635.01,676.33,6088511
2016-07-02,676.33,688.36,667.0,677.3,4941252
2016-07-03,677.3,706.7,676.72,706.0,5198429
2016-07-04,706.0,707.1,641.13,656.42,8572721
2016-07-05,656.42,682.33,641.0,679.75,3858157
2016-07-06,679.75,680.39,660.89,665.96,3436515
2016-07-07,665.96,683.38,667.02,677.0,2410459
2016-07-08,677.0,683.0,606.42,636.91,9343010
2016-07-09,636.91,665.34,631.02,661.6,4506702
2016-07-10,661.6,664.54,622.0,647.32,6275406
2016-07-11,647.32,652.67,634.91,650.49,3043916
2016-07-12,650.49,660.19,640.0,647.22,3628843
2016-07-13,647.22,677.52,645.19,668.0,4193927
2016-07-14,668.0,667.99,650.95,652.76,1887767
2016-07-15,652.76,665.37,648.0,657.51,2503010
2016-07-16,657.51,670.67,657.83,663.05,1986904
2016-07-17,663.05,670.0,652.61,660.94,1497798
2016-07-18,660.94,689.21,660.58,682.82,3502003
2016-07-19,682.82,685.24,663.21,674.2,3418478
2016-07-20,674.2,676.85,667.0,675.24,1384098
2016-07-21,675.24,675.13,655.32,665.21,1879106
2016-07-22,665.21,667.73,655.0,664.59,1436203
2016-07-23,664.59,668.38,640.53,648.28,3342334
2016-07-24,648.28,658.05,646.45,653.49,1285178
2016-07-25,653.49,663.95,650.05,661.0,642298
2016-07-26,661.0,663.64,647.81,652.95,784937
2016-07-27,652.95,657.0,637.71,649.93,1895588
2016-07-28,649.93,662.36,644.05,656.79,1898480
2016-07-29,656.79,659.5,646.87,654.69,910987
2016-07-30,654.69,658.57,653.3,657.67,741958
2016-07-31,657.67,658.96,650.84,654.84,551816
2016-08-01,654.84,654.84,618.02,621.31,4277121
2016-08-02,621.31,626.49,601.94,607.35,2690512
2016-08-03,607.35,613.17,469.03,528.83,11521643
2016-08-04,528.83,578.38,513.94,561.74,6887135
2016-08-05,561.74,580.0,555.15,573.12,4322187
2016-08-06,573.12,574.94,562.0,570.51,2042397
2016-08-07,570.51,588.99,560.09,585.81,4375716
2016-08-08,585.81,598.02,576.94,592.31,2922495
2016-08-09,592.31,592.12,583.91,586.94,2137776
2016-08-10,586.94,594.57,578.93,584.0,2678606
2016-08-11,584.0,602.07,579.87,588.98,2640793
2016-08-12,588.98,597.83,584.1,584.77,1462216
2016-08-13,584.77,588.88,578.51,586.7,2097913
2016-08-14,586.7,588.95,581.08,583.14,808474
2016-08-15,583.14,583.85,556.26,567.9,2953768
2016-08-16,567.9,573.0,557.55,566.03,2308854
2016-08-17,566.03,581.0,564.89,574.0,1962549
2016-08-18,574.0,576.21,566.96,570.85,671403
2016-08-19,570.85,576.91,569.94,571.45,1521188
2016-08-20,571.45,574.52,563.54,572.45,1099687
2016-08-21,572.45,582.24,572.0,580.23,1069522
2016-08-22,580.23,584.11,577.81,578.96,679455
2016-08-23,578.96,588.6,578.03,584.93,1138901
2016-08-24,584.93,587.3,575.82,580.5,904556
2016-08-25,580.5,581.66,574.38,576.12,1062312
2016-08-26,576.12,579.2,569.59,576.82,1089796
2016-08-27,576.82,578.32,575.14,576.57,517379
2016-08-28,576.57,577.48,562.32,567.18,890705
2016-08-29,567.18,572.63,566.07,572.22,639407
2016-08-30,572.22,576.57,570.4,571.72,405639
2016-08-31,571.72,578.73,571.49,576.91,1060538
2016-09-01,576.91,577.88,571.48,573.7,543227
2016-09-02,573.7,574.65,568.23,569.23,402378
2016-09-03,569.23,575.49,563.54,575.44,1093275
2016-09-04,575.44,605.41,571.96,596.34,2754844
2016-09-05,596.34,614.12,594.05,610.84,3190670
2016-09-06,610.84,610.96,599.08,608.04,1415341
2016-09-07,608.04,611.89,603.29,609.94,1263034
2016-09-08,609.94,614.39,606.18,613.2,1917428
2016-09-09,613.2,631.54,610.91,625.19,2856334
2016-09-10,625.19,627.25,615.54,622.28,1790037
2016-09-11,622.28,625.21,621.26,622.63,840485
2016-09-12,622.63,632.01,586.41,603.3,4137372
2016-09-13,603.3,606.92,599.0,606.23,2041191
2016-09-14,606.23,608.93,602.78,605.46,1057732
2016-09-15,605.46,608.0,604.18,607.63,493421
2016-09-16,607.63,607.62,601.69,605.02,424104
2016-09-17,605.02,610.0,597.04,604.91,1858554
2016-09-18,604.91,605.56,601.46,604.19,395907
2016-09-19,604.19,608.8,603.58,607.99,337130
2016-09-20,607.99,609.63,604.08,607.26,641488
2016-09-21,607.26,608.83,593.91,595.59,842449
2016-09-22,595.59,596.0,580.53,594.51,2047206
2016-09-23,594.51,596.5,593.06,594.39,704756
2016-09-24,594.39,606.4,591.6,600.57,1295341
2016-09-25,600.57,603.01,598.6,599.87,409338
2016-09-26,599.87,601.11,595.23,598.71,365891
2016-09-27,598.71,609.88,595.67,607.49,1097555
2016-09-28,607.49,608.98,600.9,604.0,953708
2016-09-29,604.0,604.0,601.25,603.09,231622
2016-09-30,603.09,607.34,602.26,604.59,503374
2016-10-01,604.59,610.46,603.09,609.6,1156523
2016-10-02,609.6,619.99,609.41,612.18,1787145
2016-10-03,612.18,612.63,605.07,609.98,1080404
2016-10-04,609.98,612.2,608.56,611.74,375677
2016-10-05,611.74,611.98,605.65,608.26,557672
2016-10-06,608.26,613.1,607.45,609.78,931341
2016-10-07,609.78,610.52,607.9,609.61,718470
2016-10-08,609.61,616.37,608.75,615.07,1388344
2016-10-09,615.07,618.71,613.88,615.25,1039133
2016-10-10,615.25,615.51,610.28,613.4,1172197
2016-10-11,613.4,617.51,610.0,617.51,2129096
2016-10-12,617.51,643.23,614.92,637.92,5811167
2016-10-13,637.92,639.19,630.43,632.88,3878280
2016-10-14,632.88,637.01,631.17,635.0,3309571
2016-10-15,635.0,642.0,632.44,638.72,3752988
2016-10-16,638.72,641.02,632.83,634.34,2163074
2016-10-17,634.34,640.26,633.24,638.82,1937159
2016-10-18,638.82,639.9,633.58,635.32,1346687
2016-10-19,635.32,637.47,631.41,634.79,1079271
2016-10-20,634.79,635.31,622.22,626.67,2232821
2016-10-21,626.67,628.57,622.4,627.32,1214049
2016-10-22,627.32,630.62,626.07,629.2,1587562
2016-10-23,629.2,665.95,629.0,657.32,4849431
2016-10-24,657.32,682.56,645.51,651.54,3832454
2016-10-25,651.54,651.67,645.25,647.1,2492365
2016-10-26,647.1,665.98,634.38,653.44,4268765
2016-10-27,653.44,677.84,652.88,675.4,4231385
2016-10-28,675.4,686.81,672.04,686.44,4428027
2016-10-29,686.44,689.2,675.66,686.69,3260008
2016-10-30,686.69,721.05,685.5,708.79,7816582
2016-10-31,708.79,709.69,686.5,697.46,8338811
2016-11-01,697.46,707.33,678.19,697.0,4765620
2016-11-02,697.0,747.0,697.01,732.37,9145077
2016-11-03,732.37,755.0,719.9,747.56,4490739
2016-11-04,747.56,751.85,659.0,684.5,18721932
2016-11-05,684.5,707.47,679.76,700.06,6358036
2016-11-06,700.06,707.47,693.77,701.45,2644738
2016-11-07,701.45,719.15,687.0,709.1,6147766
2016-11-08,709.1,709.31,696.75,701.34,2480274
2016-11-09,701.34,713.0,699.61,709.0,3309053
2016-11-10,709.0,739.0,708.0,722.63,11989712
2016-11-11,722.63,723.72,710.25,714.02,4378648
2016-11-12,714.02,718.5,710.51,718.5,3512459
2016-11-13,718.5,721.94,699.73,704.53,2887101
2016-11-14,704.53,704.5,679.84,700.11,5153879
2016-11-15,700.11,707.04,699.06,705.92,2156250
2016-11-16,705.92,717.89,705.0,712.0,2616519
2016-11-17,712.0,763.0,708.79,746.59,10650191
2016-11-18,746.59,757.82,736.0,738.88,7566231
2016-11-19,738.88,754.06,733.0,752.6,4739459
2016-11-20,752.6,764.12,730.02,750.0,7697704
2016-11-21,750.0,755.7,706.0,726.23,10064329
2016-11-22,726.23,738.94,724.63,735.82,3832062
2016-11-23,735.82,754.84,732.16,751.57,4912893
2016-11-24,751.57,753.2,730.0,740.47,5425369
2016-11-25,740.47,744.0,722.0,735.36,6100525
2016-11-26,735.36,737.66,723.0,737.4,5338231
2016-11-27,737.4,738.64,721.63,729.5,3342078
2016-11-28,729.5,735.0,724.0,727.66,3745555
2016-11-29,727.66,732.82,727.7,731.63,2270663
2016-11-30,731.63,732.6,727.14,731.02,1612631
2016-12-01,731.02,745.7,730.04,742.41,3077042
2016-12-02,742.41,756.51,741.88,753.8,4256204
2016-12-03,753.8,780.21,753.65,773.0,9347994
2016-12-04,773.0,773.01,757.14,763.7,3567591
2016-12-05,763.7,772.06,760.45,771.9,3177048
2016-12-06,771.9,772.06,740.0,750.46,7726126
2016-12-07,750.46,759.31,749.32,758.01,3472910
2016-12-08,758.01,768.96,751.0,762.96,3837061
2016-12-09,762.96,772.45,760.38,765.01,3172780
2016-12-10,765.01,773.36,764.83,769.81,2559790
2016-12-11,769.81,777.73,769.75,773.14,2521198
2016-12-12,773.14,773.15,761.4,768.97,3710679
2016-12-13,768.97,783.0,768.55,779.11,4146102
2016-12-14,779.11,792.1,761.25,772.3,6427160
2016-12-15,772.3,779.8,766.99,777.39,3048757
2016-12-16,777.39,779.0,774.98,776.69,2180513
2016-12-17,776.69,784.0,772.8,780.3,4656446
2016-12-18,780.3,792.73,779.3,788.85,3892630
2016-12-19,788.85,791.96,782.66,788.74,4063920
2016-12-20,788.74,792.46,787.68,790.04,1931101
2016-12-21,790.04,807.43,788.11,800.72,6143988
2016-12-22,800.72,839.0,797.5,836.11,12386810
2016-12-23,836.11,877.36,830.63,860.11,16429663
2016-12-24,860.11,943.76,859.58,924.71,36854308
2016-12-25,924.71,927.18,880.0,895.02,18458431
2016-12-26,895.02,897.49,861.2,892.55,16050086
2016-12-27,892.55,916.0,889.38,903.95,11954738
2016-12-28,903.95,946.76,898.84,933.98,19463552
2016-12-29,933.98,978.0,932.26,975.05,30477206
2016-12-30,975.05,980.0,941.72,973.23,20133032
2016-12-31,973.23,971.8,924.93,957.57,17415803
2017-01-01,957.57,968.39,940.0,968.29,12869720
2017-01-02,968.29,1009.87,960.9,1001.15,20292354
2017-01-03,1001.15,1035.0,996.54,1022.76,37013221
2017-01-04,1022.76,1040.66,1003.0,1036.9,21522604
2017-01-05,1036.9,1177.9,1036.49,1152.0,59945268
2017-01-06,1152.0,1180.45,876.08,1005.33,93256039
2017-01-07,1005.33,1029.24,841.75,895.85,54631519
2017-01-08,895.85,912.72,805.03,908.22,34472340
2017-01-09,908.22,939.33,877.58,909.25,25132654
2017-01-10,909.25,911.04,860.21,895.46,17125191
2017-01-11,895.46,916.99,893.38,904.0,10754420
2017-01-12,904.0,918.9,725.44,764.2,40654731
2017-01-13,764.2,819.87,724.0,789.37,21958396
2017-01-14,789.37,831.11,752.91,822.3,16685784
2017-01-15,822.3,836.1,796.07,808.9,12374030
2017-01-16,808.9,819.0,800.86,816.54,7907074
2017-01-17,816.54,834.99,811.56,824.03,9586760
2017-01-18,824.03,912.63,822.98,903.71,21292139
2017-01-19,903.71,915.0,830.0,880.0,20864102
2017-01-20,880.0,905.6,874.16,893.0,13326281
2017-01-21,893.0,897.46,877.1,890.59,9021036
2017-01-22,890.59,928.0,888.05,917.4,10845428
2017-01-23,917.4,935.56,878.55,921.54,17679151
2017-01-24,921.54,928.0,905.63,910.22,9519013
2017-01-25,910.22,927.54,878.47,883.18,17176581
2017-01-26,883.18,903.06,882.5,894.19,8284461
2017-01-27,894.19,918.04,892.24,913.26,6868194
2017-01-28,913.26,921.3,904.0,915.7,11963721
2017-01-29,915.7,921.0,915.19,917.9,2826407
2017-01-30,917.9,920.02,911.04,912.71,2692282
2017-01-31,912.71,920.3,910.01,916.26,2969419
2017-02-01,916.26,973.95,916.36,969.15,14230533
2017-02-02,969.15,989.0,960.92,985.3,9316705
2017-02-03,985.3,1014.84,968.89,1008.0,18804912
2017-02-04,1008.0,1027.01,985.75,1017.73,22318525
2017-02-05,1017.73,1046.67,1003.0,1035.09,24541017
2017-02-06,1035.09,1037.38,1005.43,1014.83,20312523
2017-02-07,1014.83,1033.0,1012.75,1025.0,7211615
2017-02-08,1025.0,1057.52,1024.72,1054.37,15270248
2017-02-09,1054.37,1072.78,994.8,1052.62,35838124
2017-02-10,1052.62,1081.05,927.72,984.02,58932811
2017-02-11,984.02,1003.0,934.5,988.11,30153996
2017-02-12,988.11,1010.95,978.01,1003.0,15308914
2017-02-13,1003.0,1006.53,992.23,995.09,6852679
2017-02-14,995.09,1002.97,956.13,990.95,15705639
2017-02-15,990.95,1021.79,975.0,1008.5,16691893
2017-02-16,1008.5,1012.0,994.01,1006.7,5840460
2017-02-17,1006.7,1044.48,1006.51,1035.65,16624041
2017-02-18,1035.65,1057.5,1026.3,1050.1,21722362
2017-02-19,1050.1,1067.86,1022.05,1056.02,19298680
2017-02-20,1056.02,1058.16,1037.59,1050.44,12108730
2017-02-21,1050.44,1094.7,1042.0,1085.07,16509215
2017-02-22,1085.07,1127.8,1068.21,1123.18,41743050
2017-02-23,1123.18,1128.9,1100.0,1114.27,31854380
2017-02-24,1114.27,1193.23,1110.39,1183.55,46622434
2017-02-25,1183.55,1220.16,1030.0,1172.42,77794209
2017-02-26,1172.42,1183.33,1125.0,1151.03,27949897
2017-02-27,1151.03,1185.01,1130.58,1177.0,21172640
2017-02-28,1177.0,1197.99,1165.95,1194.87,21803886
2017-03-01,1194.87,1212.66,1152.27,1187.31,31384856
2017-03-02,1187.31,1234.19,1182.4,1234.19,25069015
2017-03-03,1234.19,1279.0,1200.0,1257.65,41418642
2017-03-04,1257.65,1297.0,1256.3,1291.0,39431131
2017-03-05,1291.0,1292.76,1235.01,1266.54,36040668
2017-03-06,1266.54,1278.52,1238.01,1277.81,19827628
2017-03-07,1277.81,1284.9,1263.0,1279.79,20812724
2017-03-08,1279.79,1281.0,1166.0,1231.99,55319867
2017-03-09,1231.99,1239.97,1143.44,1151.59,82456629
2017-03-10,1151.59,1206.0,1135.0,1189.87,47703137
2017-03-11,1189.87,1337.58,966.0,1119.08,105434261
2017-03-12,1119.08,1200.47,1107.88,1181.68,33170387
2017-03-13,1181.68,1236.88,1175.38,1227.04,24150871
2017-03-14,1227.04,1249.27,1212.76,1243.26,24724492
2017-03-15,1243.26,1263.35,1225.45,1246.62,17946218
2017-03-16,1246.62,1264.84,1242.51,1260.28,14362472
2017-03-17,1260.28,1260.27,1134.54,1174.0,51238296
2017-03-18,1174.0,1173.51,1065.0,1068.98,89088990
2017-03-19,1068.98,1099.64,936.0,970.0,120443995
2017-03-20,970.0,1066.33,969.78,1018.82,42910547
2017-03-21,1018.82,1053.95,1014.74,1037.99,22937798
2017-03-22,1037.99,1120.0,1037.99,1111.78,38653846
2017-03-23,1111.78,1112.82,989.0,1036.31,64913125
2017-03-24,1036.31,1052.62,1015.43,1031.01,20108266
2017-03-25,1031.01,1032.94,921.2,936.0,64951798
2017-03-26,936.0,971.98,889.88,965.08,61314424
2017-03-27,965.08,1005.07,944.24,964.71,47108801
2017-03-28,964.71,1042.96,956.76,1038.84,33173819
2017-03-29,1038.84,1065.98,1017.72,1042.37,29478070
2017-03-30,1042.37,1061.98,1008.02,1041.31,33905422
2017-03-31,1041.31,1055.46,1019.8,1034.35,15313239
2017-04-01,1034.35,1095.8,1034.35,1079.9,30973280
2017-04-02,1079.9,1104.7,1065.0,1090.7,19277155
2017-04-03,1090.7,1111.1,1075.9,1098.6,16682232
2017-04-04,1098.6,1155.4,1098.5,1145.7,31513035
2017-04-05,1145.7,1160.9,1122.2,1142.9,20987411
2017-04-06,1142.9,1145.0,1107.0,1135.0,19382938
2017-04-07,1135.0,1201.6,1134.3,1188.1,28186329
2017-04-08,1188.1,1204.9,1173.2,1191.9,24879651
2017-04-09,1191.9,1198.5,1167.4,1183.8,15059259
2017-04-10,1183.8,1227.1,1176.9,1211.2,18732082
2017-04-11,1211.2,1224.1,1201.1,1213.6,16058919
2017-04-12,1213.6,1238.5,1201.6,1224.0,17908181
2017-04-13,1224.0,1228.3,1213.7,1217.1,12500747
2017-04-14,1217.1,1225.1,1128.0,1177.9,35638175
2017-04-15,1177.9,1201.0,1173.7,1187.8,18162898
2017-04-16,1187.8,1203.8,1125.0,1179.5,12453014
2017-04-17,1179.5,1198.6,1174.8,1193.0,7305886
2017-04-18,1193.0,1225.0,1186.7,1197.0,18209458
2017-04-19,1197.0,1221.1,1197.1,1209.3,11300122
2017-04-20,1209.3,1216.8,1196.7,1209.6,11647456
2017-04-21,1209.6,1248.3,1210.0,1239.0,18959907
2017-04-22,1239.0,1257.5,1237.8,1249.3,14421415
2017-04-23,1249.3,1255.0,1210.0,1243.0,19863750
2017-04-24,1243.0,1251.1,1230.6,1246.9,7243533
2017-04-25,1246.9,1258.5,1238.9,1255.5,6407156
2017-04-26,1255.5,1290.4,1254.4,1277.9,14007798
2017-04-27,1277.9,1316.7,1274.7,1296.4,23479688
2017-04-28,1296.4,1357.0,1291.7,1344.3,23736798
2017-04-29,1344.3,1362.2,1298.0,1339.7,32294442
2017-04-30,1339.7,1356.1,1329.8,1347.4,14063378
2017-05-01,1347.4,1374.6,1330.0,1366.6,17320159
2017-05-02,1366.6,1449.7,1366.0,1422.3,35495465
2017-05-03,1422.3,1486.0,1408.3,1460.6,42017488
2017-05-04,1460.6,1518.3,1446.0,1517.3,40341927
2017-05-05,1517.3,1658.0,1441.5,1551.0,108750975
2017-05-06,1551.0,1627.0,1499.0,1529.6,83633976
2017-05-07,1529.6,1586.5,1522.4,1572.1,32719292
2017-05-08,1572.1,1604.1,1541.2,1590.0,23027368
2017-05-09,1590.0,1681.9,1589.9,1680.1,38028842
2017-05-10,1680.1,1791.2,1636.0,1729.9,83904463
2017-05-11,1729.9,1797.0,1691.3,1783.2,41525066
2017-05-12,1783.2,1890.0,1752.0,1835.7,72706918
2017-05-13,1835.7,1841.1,1650.0,1692.3,99652672
2017-05-14,1692.3,1787.8,1598.4,1787.0,81130427
2017-05-15,1787.0,1824.0,1756.9,1804.2,44035178
2017-05-16,1804.2,1804.1,1685.8,1740.8,58208348
2017-05-17,1740.8,1768.0,1676.6,1746.0,32788786
2017-05-18,1746.0,1848.1,1719.2,1813.4,46266930
2017-05-19,1813.4,1905.7,1808.4,1894.1,35239579
2017-05-20,1894.1,1972.6,1894.1,1960.0,49097144
2017-05-21,1960.0,2067.8,1955.0,2053.8,41810081
2017-05-22,2053.8,2090.0,1970.2,2041.2,64347188
2017-05-23,2041.2,2270.0,1990.1,2105.0,124747461
2017-05-24,2105.0,2279.5,2097.2,2268.1,84276631
2017-05-25,2268.1,2494.6,2268.5,2431.6,113302810
2017-05-26,2431.6,2811.0,2181.2,2306.3,258820855
2017-05-27,2306.3,2624.2,2055.0,2273.7,217245534
2017-05-28,2273.7,2349.5,1900.0,2089.9,171666529
2017-05-29,2089.9,2326.0,2088.2,2210.9,106883281
2017-05-30,2210.9,2373.5,2128.3,2309.6,74745158
2017-05-31,2309.6,2360.0,2122.4,2191.4,67301051
2017-06-01,2191.4,2340.0,2155.0,2304.1,53059287
2017-06-02,2304.1,2465.7,2302.0,2416.8,57279425
2017-06-03,2416.8,2501.2,2376.0,2497.9,41297438
2017-06-04,2497.9,2582.5,2450.0,2543.4,54746338
2017-06-05,2543.4,2569.4,2464.2,2529.3,43808075
2017-06-06,2529.3,2723.4,2523.3,2715.4,52810719
2017-06-07,2715.4,2955.0,2703.2,2897.9,147030693
2017-06-08,2897.9,2914.1,2610.0,2667.6,103352659
2017-06-09,2667.6,2827.2,2589.0,2817.7,68819033
2017-06-10,2817.7,2866.8,2788.3,2817.2,46577238
2017-06-11,2817.2,2930.5,2803.0,2922.0,52286178
2017-06-12,2922.0,3017.0,2879.9,2994.8,48306924
2017-06-13,2994.8,3006.9,2470.0,2656.5,187239903
2017-06-14,2656.5,2790.3,2635.1,2702.6,63913652
2017-06-15,2702.6,2798.9,2320.0,2432.9,139982991
2017-06-16,2432.9,2501.3,2095.5,2410.7,179250376
2017-06-17,2410.7,2518.6,2290.0,2471.0,83294972
2017-06-18,2471.0,2678.1,2406.8,2626.3,67003395
2017-06-19,2626.3,2677.1,2457.0,2525.0,76508816
2017-06-20,2525.0,2600.8,2485.2,2598.8,42089739
2017-06-21,2598.8,2802.5,2580.0,2736.8,62478121
2017-06-22,2736.8,2788.9,2595.0,2652.7,85189260
2017-06-23,2652.7,2730.0,2589.0,2699.9,38506589
2017-06-24,2699.9,2744.1,2649.1,2678.9,30749419
2017-06-25,2678.9,2717.9,2502.0,2559.5,66355372
2017-06-26,2559.5,2635.2,2424.8,2507.9,68277139
2017-06-27,2507.9,2549.0,2300.7,2420.1,111425810
2017-06-28,2420.1,2549.0,2257.7,2541.6,104465173
2017-06-29,2541.6,2594.5,2450.0,2558.3,58060738
2017-06-30,2558.3,2600.2,2505.7,2532.7,45231684
2017-07-01,2532.7,2556.4,2443.5,2453.4,38809769
2017-07-02,2453.4,2497.4,2390.0,2422.7,47392832
2017-07-03,2422.7,2533.9,2371.3,2510.2,41945870
2017-07-04,2510.2,2599.7,2478.4,2540.5,43143932
2017-07-05,2540.5,2638.9,2540.1,2602.2,40891823
2017-07-06,2602.2,2626.3,2532.3,2603.2,31768789
2017-07-07,2603.2,2618.7,2563.0,2603.8,21108431
2017-07-08,2603.8,2608.0,2473.0,2505.1,47647945
2017-07-09,2505.1,2558.0,2467.4,2554.4,36015348
2017-07-10,2554.4,2565.7,2498.3,2506.5,26976481
2017-07-11,2506.5,2521.9,2271.0,2335.2,94816230
2017-07-12,2335.2,2397.8,2241.9,2304.8,81063826
2017-07-13,2304.8,2408.4,2231.8,2386.8,79874625
2017-07-14,2386.8,2421.0,2310.6,2338.1,42566065
2017-07-15,2338.1,2354.8,2135.5,2208.4,85136385
2017-07-16,2208.4,2221.5,1970.5,1974.0,136364277
2017-07-17,1974.0,2047.2,1810.0,1924.5,155681818
2017-07-18,1924.5,2226.4,1910.0,2223.5,121549945
2017-07-19,2223.5,2387.0,2150.0,2303.0,156111878
2017-07-20,2303.0,2398.9,2220.0,2262.1,121950935
2017-07-21,2262.1,2959.2,2261.0,2883.1,272443483
2017-07-22,2883.1,2888.0,2610.0,2666.0,200071318
2017-07-23,2666.0,2906.0,2644.2,2833.2,157951704
2017-07-24,2833.2,2866.3,2650.0,2752.8,140948241
2017-07-25,2752.8,2817.0,2704.3,2764.4,91497864
2017-07-26,2764.4,2788.4,2438.4,2559.6,229714016
2017-07-27,2559.6,2609.9,2391.2,2530.2,156631568
2017-07-28,2530.2,2685.1,2512.6,2662.3,104885818
2017-07-29,2662.3,2828.0,2654.5,2782.0,142053965
2017-07-30,2782.0,2784.7,2654.9,2692.5,111150377
2017-07-31,2692.5,2747.0,2556.2,2730.4,86265869
2017-08-01,2730.4,2891.0,2684.7,2851.1,101346941
2017-08-02,2851.1,2913.1,2601.2,2730.1,173819218
2017-08-03,2730.1,2766.6,2633.7,2706.9,81464944
2017-08-04,2706.9,2805.8,2699.3,2787.7,51230643
2017-08-05,2787.7,2875.1,2760.6,2854.9,73184795
2017-08-06,2854.9,3341.6,2848.2,3257.8,249140638
2017-08-07,3257.8,3305.0,3142.8,3221.8,134273847
2017-08-08,3221.8,3442.0,3180.7,3395.0,135545546
2017-08-09,3395.0,3486.7,3328.0,3422.1,180632515
2017-08-10,3422.1,3430.2,3220.0,3341.2,159826371
2017-08-11,3341.2,3443.9,3307.5,3412.2,89052947
2017-08-12,3412.2,3718.6,3393.4,3651.8,145203168
2017-08-13,3651.8,3987.6,3603.7,3874.4,264461491
2017-08-14,3874.4,4215.1,3842.0,4077.9,375155723
2017-08-15,4077.9,4353.0,3960.3,4328.5,269279921
2017-08-16,4328.5,4440.0,3834.6,4158.1,430371309
2017-08-17,4158.1,4415.0,3917.0,4402.3,274394106
2017-08-18,4402.3,4498.0,4170.0,4278.3,316217204
2017-08-19,4278.3,4368.3,3941.9,4101.1,254893872
2017-08-20,4101.1,4183.0,3933.0,4131.1,195584503
2017-08-21,4131.1,4164.0,4014.5,4049.4,134919363
2017-08-22,4049.4,4087.4,3951.0,3998.1,120132287
2017-08-23,3998.1,4187.3,3550.0,4101.6,278792647
2017-08-24,4101.6,4259.9,4050.0,4138.0,157594985
2017-08-25,4138.0,4368.0,4085.8,4318.6,119190593
2017-08-26,4318.6,4472.6,4256.0,4357.4,147356392
2017-08-27,4357.4,4371.3,4234.1,4334.9,96825214
2017-08-28,4334.9,4414.0,4300.4,4341.9,71225308
2017-08-29,4341.9,4413.3,4169.0,4390.8,123025429
2017-08-30,4390.8,4709.9,4333.5,4591.8,175035270
2017-08-31,4591.8,4666.5,4473.8,4569.2,116996988
2017-09-01,4569.2,4769.0,4569.1,4723.9,140130707
2017-09-02,4723.9,4944.5,4678.0,4944.5,183655347
2017-09-03,4944.5,5013.3,4487.3,4633.1,407688486
2017-09-04,4633.1,4742.2,4412.1,4624.2,223677242
2017-09-05,4624.2,4630.0,4161.4,4339.9,388478483
2017-09-06,4339.9,4505.0,4061.3,4427.0,307926743
2017-09-07,4427.0,4662.9,4410.7,4608.2,184852439
2017-09-08,4608.2,4678.0,4476.1,4613.9,152792191
2017-09-09,4613.9,4689.7,4116.0,4317.9,417833219
2017-09-10,4317.9,4416.1,4185.1,4325.8,207889826
2017-09-11,4325.8,4344.0,4012.6,4239.5,239857224
2017-09-12,4239.5,4380.0,4105.4,4207.0,187757199
2017-09-13,4207.0,4380.0,4055.0,4148.8,223164080
2017-09-14,4148.8,4152.1,3722.9,3856.6,383908452
2017-09-15,3856.6,3920.7,3200.1,3222.9,590184470
2017-09-16,3222.9,3841.1,2939.7,3706.1,792609515
2017-09-17,3706.1,3900.0,3531.7,3697.0,325600157
2017-09-18,3697.0,3810.0,3470.8,3687.1,238266454
2017-09-19,3687.1,4149.0,3687.0,4110.2,328976767
2017-09-20,4110.2,4130.0,3838.4,3883.8,352115516
2017-09-21,3883.8,4060.0,3825.0,3867.1,263081252
2017-09-22,3867.1,3903.5,3571.4,3611.0,370202112
2017-09-23,3611.0,3765.0,3515.0,3603.5,330019159
2017-09-24,3603.5,3826.5,3560.0,3778.9,221180063
2017-09-25,3778.9,3781.9,3595.5,3660.4,187902872
2017-09-26,3660.4,3980.0,3656.0,3925.5,271819358
2017-09-27,3925.5,3981.3,3850.0,3874.0,225261474
2017-09-28,3874.0,4220.0,3866.5,4202.5,308069192
2017-09-29,4202.5,4276.7,4125.0,4187.9,310866631
2017-09-30,4187.9,4240.0,4031.1,4164.8,394154232
2017-10-01,4164.8,4355.7,4155.0,4327.3,281256398
2017-10-02,4327.3,4384.1,4251.1,4382.8,260400287
2017-10-03,4382.8,4458.8,4355.5,4388.0,322064731
2017-10-04,4388.0,4435.0,4224.1,4318.3,349047436
2017-10-05,4318.3,4339.0,4162.0,4213.3,251445083
2017-10-06,4213.3,4377.5,4134.8,4311.4,319137500
2017-10-07,4311.4,4430.0,4291.7,4372.1,252070113
2017-10-08,4372.1,4484.0,4307.0,4445.3,175049890
2017-10-09,4445.3,4619.6,4429.5,4591.0,297011953
2017-10-10,4591.0,4914.5,4546.4,4798.8,576352442
2017-10-11,4798.8,4943.7,4698.6,4771.7,525518662
2017-10-12,4771.7,4887.0,4706.0,4822.0,368758715
2017-10-13,4822.0,5467.5,4800.6,5463.6,883212184
2017-10-14,5463.6,5980.0,5394.9,5667.3,1336720748
2017-10-15,5667.3,5890.0,5588.7,5872.1,590927424
2017-10-16,5872.1,5904.6,5405.0,5711.1,782169799
2017-10-17,5711.1,5876.2,5531.1,5795.0,512256122
2017-10-18,5795.0,5819.9,5510.0,5600.0,568041073
2017-10-19,5600.0,5647.9,5100.0,5590.8,1067907994
2017-10-20,5590.8,5757.9,5527.0,5700.8,655240545
2017-10-21,5700.8,6168.9,5602.0,6017.5,912558192
2017-10-22,6017.5,6220.0,5875.0,6018.7,854248299
2017-10-23,6018.7,6080.2,5720.0,5986.0,847520369
2017-10-24,5986.0,6095.2,5638.7,5853.9,1013064819
2017-10-25,5853.9,5853.9,5454.0,5517.4,950744064
2017-10-26,5517.4,5758.9,5366.0,5732.0,710909859
2017-10-27,5732.0,6008.0,5669.6,5888.4,773138211
2017-10-28,5888.4,6013.0,5678.0,5769.3,632848491
2017-10-29,5769.3,5878.0,5652.7,5727.1,444659626
2017-10-30,5727.1,6366.0,5687.5,6159.3,756109936
2017-10-31,6159.3,6221.8,6010.8,6134.9,579186740
2017-11-01,6134.9,6489.0,6088.4,6440.1,757390412
2017-11-02,6440.1,6750.0,6360.0,6749.5,1002702139
2017-11-03,6749.5,7437.7,6700.3,7025.8,1947637864
2017-11-04,7025.8,7495.0,6920.0,7146.5,1321777619
2017-11-05,7146.5,7596.1,6983.6,7393.9,1077283262
2017-11-06,7393.9,7621.7,7280.5,7378.3,1029792323
2017-11-07,7378.3,7436.0,6900.0,6960.0,1477643661
2017-11-08,6960.0,7215.5,6957.0,7121.3,1060689403
2017-11-09,7121.3,7950.0,7013.0,7465.0,1939100851
2017-11-10,7465.0,7490.2,7030.0,7150.5,1021866714
2017-11-11,7150.5,7362.5,6431.0,6564.0,1784422368
2017-11-12,6564.0,6818.0,6220.5,6345.5,1335894178
2017-11-13,6345.5,6480.0,5464.0,5846.5,2217483525
2017-11-14,5846.5,6720.0,5800.5,6558.0,1439111574
2017-11-15,6558.0,6777.0,6410.0,6632.5,783289296
2017-11-16,6632.5,7367.0,6624.5,7310.5,1271137892
2017-11-17,7310.5,8061.0,7131.0,7867.0,1352874206
2017-11-18,7867.0,8059.0,7550.0,7674.0,1575977218
2017-11-19,7674.0,7893.5,7425.0,7805.5,857056815
2017-11-20,7805.5,8152.5,7680.0,8062.0,800402418
2017-11-21,8062.0,8305.0,7929.5,8243.0,863222728
2017-11-22,8243.0,8393.5,7407.5,8098.5,1670787515
2017-11-23,8098.5,8319.0,8050.5,8219.0,853748162
2017-11-24,8219.0,8275.5,7975.5,7988.5,682535318
2017-11-25,7988.5,8386.5,7832.0,8207.5,976560999
2017-11-26,8207.5,8787.0,8140.0,8760.0,900440645
2017-11-27,8760.0,9586.0,8734.5,9339.0,1807968585
2017-11-28,9339.0,9796.0,9339.0,9751.5,1572797374
2017-11-29,9751.5,9992.5,9607.5,9938.0,1236953894
2017-11-30,9938.0,11489.0,8830.0,9869.5,3490469446
2017-12-01,9869.5,10750.5,8938.5,9960.0,2291590521
2017-12-02,9960.0,10988.0,9347.5,10879.5,1948017516
2017-12-03,10879.5,11262.5,10676.5,10910.5,1389465247
2017-12-04,10910.5,11896.0,10402.0,11210.0,1662517142
2017-12-05,11210.0,11685.5,10856.0,11682.0,1539285527
2017-12-06,11682.0,11961.0,11451.0,11726.0,1165153246
2017-12-07,11726.0,13890.5,11724.0,13682.0,2181553335
2017-12-08,13682.0,17750.0,13323.5,17427.0,3745748309
2017-12-09,17427.0,17719.5,13889.5,16272.0,2976200225
2017-12-10,16272.0,16600.0,13225.0,14984.5,1858006738
2017-12-11,14984.5,16149.0,13218.0,15143.0,2334949262
2017-12-12,15143.0,17742.5,15102.0,17009.0,1661016866
2017-12-13,17009.0,18067.0,16200.0,17236.0,1618633765
2017-12-14,17236.0,17561.0,15855.0,16436.5,1740697543
2017-12-15,16436.5,17145.0,16103.0,16651.0,1046084323
2017-12-16,16651.0,18296.5,16615.5,17700.0,1508093617
2017-12-17,17700.0,19840.0,17476.5,19547.5,1425811474
2017-12-18,19547.5,20093.0,18737.5,19287.5,1816963445
2017-12-19,19287.5,19384.0,18032.5,19127.0,1806717297
2017-12-20,19127.0,19346.0,16804.5,17663.0,1864278438
2017-12-21,17663.0,17943.5,15080.0,16463.0,2464171914
2017-12-22,16463.0,17468.5,15050.0,15775.0,1653592333
2017-12-23,15775.0,15905.0,10900.0,13763.5,3487515797
2017-12-24,13763.5,15928.0,13462.0,14719.5,1477899382
2017-12-25,14719.5,14788.5,12521.5,14227.5,1662515600
2017-12-26,14227.5,14710.5,13232.0,13989.5,996248193
2017-12-27,13989.5,16384.5,13900.0,15833.5,1375059652
2017-12-28,15833.5,16700.0,14497.5,15380.5,1281235547
2017-12-29,15380.5,15535.5,13450.5,14480.0,1326750967
2017-12-30,14480.0,15175.0,13905.0,14539.5,876425910
2017-12-31,14539.5,14601.5,11973.0,12673.5,1516089382
2018-01-01,12673.5,14350.0,12468.5,13873.0,814405650
2018-01-02,13873.0,14011.5,12772.0,13477.0,638958746
2018-01-03,13477.0,15269.0,12900.0,14786.5,904159652
2018-01-04,14786.5,15524.0,14555.0,15157.0,812686550
2018-01-05,15157.0,15500.0,14150.0,15186.0,814142088
2018-01-06,15186.0,17088.0,14805.0,16891.0,1010611092
2018-01-07,16891.0,17422.0,16235.0,17210.0,764303511
2018-01-08,17210.0,17213.0,15770.5,16224.5,863341710
2018-01-09,16224.5,16329.0,13800.0,14952.5,1473520709
2018-01-10,14952.5,15375.0,14183.0,14465.0,999024212
2018-01-11,14465.0,15012.5,13426.0,14963.5,1154658078
2018-01-12,14963.5,15033.5,12703.5,13287.5,1514629882
2018-01-13,13287.5,14197.0,12818.5,13874.5,886264793
2018-01-14,13874.5,14600.0,13810.0,14209.0,588530993
2018-01-15,14209.0,14364.0,13049.0,13645.0,806932736
2018-01-16,13645.0,14374.5,13400.0,13621.0,747398582
2018-01-17,13621.0,13619.0,10100.0,11330.0,2755983315
2018-01-18,11330.0,11799.0,9209.0,11210.0,2266854171
2018-01-19,11210.0,12183.0,10615.5,11252.0,1431204983
2018-01-20,11252.0,12078.0,10956.5,11546.5,989529029
2018-01-21,11546.5,13008.0,11490.0,12746.5,930649076
2018-01-22,12746.5,12757.0,11088.5,11560.0,1143587814
2018-01-23,11560.0,11855.0,10020.0,10792.5,1486837759
2018-01-24,10792.5,11437.0,9874.0,10830.0,1449900102
2018-01-25,10830.0,11499.0,10437.0,11394.5,1131616118
2018-01-26,11394.5,11750.0,10840.5,11117.0,981325170
2018-01-27,11117.0,11653.0,10230.0,11110.0,1452834482
2018-01-28,11110.0,11631.0,10777.5,11398.0,1009595524
2018-01-29,11398.0,11970.0,11350.0,11631.5,752035913
2018-01-30,11631.5,11768.0,10865.0,11127.0,922831552
2018-01-31,11127.0,11217.5,9616.5,9999.0,1551256047
2018-02-01,9999.0,10332.5,9500.0,10132.0,1160207807
2018-02-02,10132.0,10199.0,8476.0,9008.0,1778962963
2018-02-03,9008.0,9054.5,7610.0,8807.5,1969893239
2018-02-04,8807.5,9499.0,8105.0,9226.5,1176826654
2018-02-05,9226.5,9395.0,7791.0,8151.0,1436075356
2018-02-06,8151.0,8344.5,6543.0,6889.5,2088881027
2018-02-07,6889.5,7930.0,5855.0,7674.5,2383969711
2018-02-08,7674.5,8590.0,7189.5,7598.5,1968819425
2018-02-09,7598.5,8655.0,7576.0,8232.5,1711303991
2018-02-10,8232.5,8750.0,7692.0,8675.5,1462168195
2018-02-11,8675.5,9084.0,8112.0,8548.5,1536909710
2018-02-12,8548.5,8548.5,7830.0,8065.0,1528310563
2018-02-13,8065.0,8999.0,8063.0,8905.5,1606293489
2018-02-14,8905.5,8944.0,8331.0,8499.5,1530738973
2018-02-15,8499.5,9515.0,8499.5,9462.5,1672574959
2018-02-16,9462.5,10191.0,9336.0,10008.0,2116132820
2018-02-17,10008.0,10304.0,9705.0,10185.5,1750655042
2018-02-18,10185.5,11160.0,10013.5,11144.0,2178101186
2018-02-19,11144.0,11292.0,10174.0,10402.0,3006576838
2018-02-20,10402.0,11277.0,10300.0,11173.0,2443193873
2018-02-21,11173.0,11771.0,11020.0,11220.0,2733704794
2018-02-22,11220.0,11250.0,10251.0,10455.0,3211633653
2018-02-23,10455.0,10905.0,9726.0,9831.5,3217750552
2018-02-24,9831.5,10369.0,9581.0,10130.5,2811472247
2018-02-25,10130.5,10523.0,9338.5,9689.0,2780775740
2018-02-26,9689.0,9880.0,9289.0,9591.0,2299980554
2018-02-27,9591.0,10450.0,9379.5,10316.5,2500491670
2018-02-28,10316.5,10879.5,10150.5,10530.0,2639763770
2018-03-01,10530.0,11070.0,10250.0,10319.0,3137482715
2018-03-02,10319.0,11105.0,10230.0,10919.5,3081991666
2018-03-03,10919.5,11198.0,10770.0,11030.0,2963568811
2018-03-04,11030.0,11524.5,11022.0,11458.0,2803508861
2018-03-05,11458.0,11538.0,11066.0,11490.5,2634323574
2018-03-06,11490.5,11683.0,11330.5,11330.5,2409753832
2018-03-07,11330.5,11391.5,10560.0,10730.0,3980630223
2018-03-08,10730.0,10898.0,9330.5,9913.5,4822972246
2018-03-09,9913.5,10121.5,9030.0,9304.5,4815317589
2018-03-10,9304.5,9423.5,8340.0,9224.0,5723376753
2018-03-11,9224.0,9500.0,8706.0,8789.5,3158061690
2018-03-12,8789.5,9789.0,8400.0,9543.0,3947429500
2018-03-13,9543.0,9900.0,8711.0,9093.0,3856719896
2018-03-14,9093.0,9519.0,8805.5,9133.5,3565624937
2018-03-15,9133.5,9400.0,7933.5,8190.5,3603357324
2018-03-16,8190.5,8475.0,7652.5,8250.5,3815408242
2018-03-17,8250.5,8643.0,7873.0,8250.5,2725855502
2018-03-18,8250.5,8389.0,7730.5,7849.0,2600358139
2018-03-19,7849.0,8370.0,7300.0,8189.0,3812114001
2018-03-20,8189.0,8780.0,8126.0,8590.0,3174134064
2018-03-21,8590.0,9064.0,8323.5,8897.0,3098742538
2018-03-22,8897.0,9217.5,8750.0,8893.5,3037673596
2018-03-23,8893.5,9095.0,8505.0,8700.0,3088085258
2018-03-24,8700.0,8948.0,8255.0,8921.0,3053687082
2018-03-25,8921.0,9032.5,8460.5,8512.0,2776441965
2018-03-26,8512.0,8683.0,8360.0,8444.5,2698674833
2018-03-27,8444.5,8493.5,7820.0,8150.0,3200837738
2018-03-28,8150.0,8199.0,7716.0,7791.0,3196058935
2018-03-29,7791.0,8097.0,7727.5,7935.0,2432935533
2018-03-30,7935.0,7963.5,6850.0,7082.0,4153824059
2018-03-31,7082.0,7227.0,6543.0,6820.0,4484265672
2018-04-01,6820.0,7222.0,6788.0,6920.5,3064915621
2018-04-02,6920.5,7053.0,6404.5,6817.0,3120463644
2018-04-03,6817.0,7123.0,6766.0,7046.5,2396422744
2018-04-04,7046.5,7518.0,7006.5,7408.5,2730070459
2018-04-05,7408.5,7420.0,6686.5,6779.0,3371330612
2018-04-06,6779.0,6935.0,6555.0,6769.5,3283289247
2018-04-07,6769.5,6875.0,6479.5,6612.0,2256699483
2018-04-08,6612.0,7058.5,6608.0,6900.5,1935569407
2018-04-09,6900.5,7137.0,6885.0,7014.0,1602230571
2018-04-10,7014.0,7177.5,6600.0,6763.0,2772773920
2018-04-11,6763.0,6888.0,6620.0,6824.0,1765375582
2018-04-12,6824.0,6959.0,6802.0,6933.5,1428141027
2018-04-13,6933.5,8149.0,6688.0,7904.5,3364142710
2018-04-14,7904.5,8227.0,7754.0,7887.5,3478152695
2018-04-15,7887.5,8195.0,7835.0,8000.0,2357357570
2018-04-16,8000.0,8428.5,8000.0,8346.5,2043519004
2018-04-17,8346.5,8420.0,7910.0,8047.0,2834140820
2018-04-18,8047.0,8179.0,7800.5,7889.5,2154592030
2018-04-19,7889.5,8262.0,7857.0,8177.0,1900890471
2018-04-20,8177.0,8300.0,8068.5,8266.0,1911752679
2018-04-21,8266.0,8974.0,8215.0,8847.0,3018131037
2018-04-22,8847.0,9050.5,8651.0,8923.5,3074828221
2018-04-23,8923.5,9020.0,8739.0,8800.0,2644757064
2018-04-24,8800.0,9005.0,8780.0,8943.0,2135080245
2018-04-25,8943.0,9780.0,8939.5,9675.0,4135964861
2018-04-26,9675.0,9765.5,8711.0,8846.5,5812260809
2018-04-27,8846.5,9327.0,8611.0,9288.0,3628323166
2018-04-28,9288.0,9384.5,8910.0,8928.0,2858560602
2018-04-29,8928.0,9450.0,8852.0,9343.5,2857265463
2018-04-30,9343.5,9540.0,9192.0,9400.5,2283372166
2018-05-01,9400.5,9457.0,9123.0,9250.0,2370798272
2018-05-02,9250.0,9253.5,8800.5,9066.0,2581286454
2018-05-03,9066.0,9258.0,8974.5,9216.0,1979596355
2018-05-04,9216.0,9852.0,9167.5,9741.5,3062952316
2018-05-05,9741.5,9778.0,9351.0,9683.0,2686795243
2018-05-06,9683.0,9970.0,9671.5,9828.5,2448922057
2018-05-07,9828.5,9936.0,9416.0,9600.5,2905667236
2018-05-08,9600.5,9618.0,9170.0,9359.5,3094401138
2018-05-09,9359.5,9449.0,9002.0,9190.5,2521604621
2018-05-10,9190.5,9345.0,8966.0,9305.5,2209067325
2018-05-11,9305.5,9399.0,9001.0,9027.5,2312772193
2018-05-12,9027.5,9027.5,8337.0,8413.0,4076886927
2018-05-13,8413.0,8634.5,8225.0,8477.0,3743678488
2018-05-14,8477.0,8758.0,8336.0,8693.5,2489733333
2018-05-15,8693.5,8882.5,8282.5,8678.0,3328000880
2018-05-16,8678.0,8849.0,8417.5,8476.5,2518801102
2018-05-17,8476.5,8497.0,8080.0,8334.5,3019083310
2018-05-18,8334.5,8481.0,7945.0,8058.5,2062998531
2018-05-19,8058.5,8273.5,7920.0,8233.0,1913268873
2018-05-20,8233.0,8400.0,8152.0,8230.0,1389157000
2018-05-21,8230.0,8610.0,8174.5,8521.5,1688325934
2018-05-22,8521.5,8594.5,8320.0,8397.0,1822218966
2018-05-23,8397.0,8407.0,7950.0,7989.0,2605511682
2018-05-24,7989.0,8028.5,7430.5,7506.0,4239365202
2018-05-25,7506.0,7740.0,7256.0,7568.0,3643462743
2018-05-26,7568.0,7664.0,7320.0,7464.5,2525291252
2018-05-27,7464.5,7648.0,7261.5,7323.0,1583298168
2018-05-28,7323.0,7400.0,7189.0,7336.5,1587861768
2018-05-29,7336.5,7450.0,7080.5,7111.0,2096061721
2018-05-30,7111.0,7569.0,7060.0,7469.0,2522014329
2018-05-31,7469.0,7559.0,7272.0,7372.0,2266843464
2018-06-01,7372.0,7625.0,7330.0,7485.5,2095602599
2018-06-02,7485.5,7618.0,7333.0,7513.0,2065583965
2018-06-03,7513.0,7727.0,7444.0,7631.0,1629728766
2018-06-04,7631.0,7798.0,7575.0,7709.0,1458487437
2018-06-05,7709.0,7760.0,7451.5,7492.0,2107702433
2018-06-06,7492.0,7670.0,7344.0,7622.5,2413959593
2018-06-07,7622.5,7700.0,7478.0,7657.0,2123556560
2018-06-08,7657.0,7755.0,7630.0,7689.0,1649493436
2018-06-09,7689.0,7696.5,7540.0,7625.0,1535801096
2018-06-10,7625.0,7700.0,7436.0,7492.0,1314148739
2018-06-11,7492.0,7492.5,6610.0,6767.0,4350581769
2018-06-12,6767.0,6937.5,6620.0,6870.5,2583772362
2018-06-13,6870.5,6871.0,6433.0,6553.5,2509548091
2018-06-14,6553.5,6633.0,6097.0,6296.5,3466847461
2018-06-15,6296.5,6718.0,6268.0,6631.0,3294127294
2018-06-16,6631.0,6680.0,6355.0,6395.0,2138404894
2018-06-17,6395.0,6600.5,6312.0,6488.5,1623676078
2018-06-18,6488.5,6580.5,6425.0,6443.0,1130284891
2018-06-19,6443.0,6800.0,6374.5,6706.5,1824293086
2018-06-20,6706.5,6838.0,6651.0,6731.5,1571751049
2018-06-21,6731.5,6823.0,6552.5,6750.0,2096211966
2018-06-22,6750.0,6789.0,6671.0,6710.5,1379875457
2018-06-23,6710.5,6728.0,5900.5,6048.5,4251305189
2018-06-24,6048.5,6270.5,6033.5,6165.0,1880458657
2018-06-25,6165.0,6347.0,5743.0,6150.0,3401207273
2018-06-26,6150.0,6350.0,6061.0,6251.5,2113153648
2018-06-27,6251.5,6280.5,6044.0,6074.0,1816573704
2018-06-28,6074.0,6178.0,5980.0,6129.0,1725329775
2018-06-29,6129.0,6154.5,5820.0,5844.5,1878641954
2018-06-30,5844.5,6333.0,5778.0,6205.5,2322980304
2018-07-01,6205.5,6570.0,6190.0,6383.5,1828580066
2018-07-02,6383.5,6432.0,6255.0,6346.0,1334552363
2018-07-03,6346.0,6675.0,6268.0,6610.0,1908182354
2018-07-04,6610.0,6670.0,6463.5,6505.5,1803542193
2018-07-05,6505.5,6820.0,6412.0,6582.0,2310207797
2018-07-06,6582.0,6730.0,6429.0,6526.5,2647394794
2018-07-07,6526.5,6650.0,6453.0,6599.5,1742814039
2018-07-08,6599.5,6868.0,6503.0,6756.5,1559327485
2018-07-09,6756.5,6774.5,6670.0,6701.0,1137205977
2018-07-10,6701.0,6841.0,6626.0,6668.0,1664819307
2018-07-11,6668.0,6678.0,6260.0,6304.0,2705577791
2018-07-12,6304.0,6399.5,6277.0,6371.0,1767112110
2018-07-13,6371.0,6371.0,6065.0,6246.5,2380315491
2018-07-14,6246.5,6350.0,6111.0,6213.0,1778981873
2018-07-15,6213.0,6320.0,6181.5,6245.5,1342839848
2018-07-16,6245.5,6392.0,6231.0,6347.5,1314694866
2018-07-17,6347.5,6738.0,6338.0,6719.5,2959875907
2018-07-18,6719.5,7470.0,6659.5,7318.5,4090279858
2018-07-19,7318.5,7600.0,7230.0,7384.0,4930792781
2018-07-20,7384.0,7584.0,7284.0,7466.5,3254160878
2018-07-21,7466.5,7715.0,7270.5,7333.0,4059000217
2018-07-22,7333.0,7450.0,7209.5,7401.0,2078516076
2018-07-23,7401.0,7590.0,7321.0,7391.5,2954588627
2018-07-24,7391.5,7799.0,7376.0,7720.0,4401153931
2018-07-25,7720.0,8478.0,7694.5,8391.0,7560074951
2018-07-26,8391.0,8487.0,8056.0,8177.0,5858003803
2018-07-27,8177.0,8319.5,7850.0,7922.0,4797481739
2018-07-28,7922.0,8280.0,7791.0,8190.0,4714351308
2018-07-29,8190.0,8249.5,8075.0,8229.5,2339162545
2018-07-30,8229.5,8302.5,8122.0,8219.0,2694502222
2018-07-31,8219.0,8281.5,7842.0,8174.5,5063640019
2018-08-01,8174.5,8174.5,7625.0,7727.0,5811273710
2018-08-02,7727.0,7757.5,7430.0,7604.5,4456770573
2018-08-03,7604.5,7717.5,7455.5,7539.5,3227088342
2018-08-04,7539.5,7540.0,7292.5,7411.0,4146372123
2018-08-05,7411.0,7487.0,6881.0,7005.5,3524525987
2018-08-06,7005.5,7094.0,6870.5,7019.5,2878841101
2018-08-07,7019.5,7180.0,6835.0,6931.5,3539203955
2018-08-08,6931.5,7144.0,6646.0,6711.5,4550047067
2018-08-09,6711.5,6712.0,6100.0,6274.0,5593069624
2018-08-10,6274.0,6640.0,6182.0,6536.0,3889886150
2018-08-11,6536.0,6578.5,5971.0,6138.0,4436831128
2018-08-12,6138.0,6503.0,5970.0,6241.0,3038561351
2018-08-13,6241.0,6499.0,6166.0,6308.5,2604144385
2018-08-14,6308.5,6550.0,6134.0,6245.5,3003407756
2018-08-15,6245.5,6250.0,5860.0,6193.5,4419829799
2018-08-16,6193.5,6641.0,6182.0,6266.5,5404958496
2018-08-17,6266.5,6483.0,6206.0,6305.5,3766769335
2018-08-18,6305.5,6589.0,6285.0,6578.5,3534214700
2018-08-19,6578.5,6617.0,6280.0,6394.0,2440423115
2018-08-20,6394.0,6562.0,6305.5,6487.0,2283077876
2018-08-21,6487.0,6523.0,6210.0,6253.5,2948442122
2018-08-22,6253.5,6503.0,6231.5,6467.0,2929312061
2018-08-23,6467.0,7148.0,6231.5,6352.0,4117998981
2018-08-24,6352.0,6578.0,6339.0,6521.0,2262714475
2018-08-25,6521.0,6736.0,6435.0,6685.5,2556547595
2018-08-26,6685.5,6797.5,6665.5,6727.5,2157660895
2018-08-27,6727.5,6779.5,6570.5,6701.5,2457480015
2018-08-28,6701.5,6973.0,6645.5,6906.0,2481684071
2018-08-29,6906.0,7133.0,6862.0,7076.5,3353816462
2018-08-30,7076.5,7120.0,6870.0,7032.5,2782958037
2018-08-31,7032.5,7055.5,6782.5,6977.0,3729305115
2018-09-01,6977.0,7087.0,6880.0,7017.0,2937116125
2018-09-02,7017.0,7298.0,7016.0,7196.5,2539940934
2018-09-03,7196.5,7350.0,7138.0,7295.0,3429838907
2018-09-04,7295.0,7349.5,7180.0,7259.5,2589505781
2018-09-05,7259.5,7440.0,7235.5,7355.0,2638019686
2018-09-06,7355.0,7387.0,6633.5,6689.0,4657038172
2018-09-07,6689.0,6709.0,6181.0,6487.0,4459083786
2018-09-08,6487.0,6523.0,6323.5,6398.0,2831018719
2018-09-09,6398.0,6468.0,6100.0,6180.5,2169153899
2018-09-10,6180.5,6483.5,6140.0,6240.0,1849595765
2018-09-11,6240.0,6385.0,6223.0,6300.0,1952781855
2018-09-12,6300.0,6434.5,6140.0,6278.5,2208501033
2018-09-13,6278.5,6345.5,6181.0,6322.0,1947768858
2018-09-14,6322.0,6530.0,6321.5,6487.5,2595041422
2018-09-15,6487.5,6585.0,6350.0,6478.0,2451976268
2018-09-16,6478.0,6568.0,6463.5,6515.5,1215015008
2018-09-17,6515.5,6516.5,6330.5,6493.0,1285741467
2018-09-18,6493.0,6528.5,6201.0,6247.0,2605439205
2018-09-19,6247.0,6380.5,6226.5,6328.5,1771973276
2018-09-20,6328.5,6580.0,6066.0,6384.5,2821848926
2018-09-21,6384.5,6520.0,6336.5,6482.0,1616025470
2018-09-22,6482.0,6778.0,6481.5,6746.5,2536239642
2018-09-23,6746.5,6830.0,6626.0,6709.0,1610847589
2018-09-24,6709.0,6779.0,6653.0,6703.0,1017080580
2018-09-25,6703.0,6720.0,6555.0,6578.5,1650008148
2018-09-26,6578.5,6578.5,6311.5,6429.0,2725467770
2018-09-27,6429.0,6540.0,6377.0,6452.5,1803487065
2018-09-28,6452.5,6759.0,6435.0,6685.5,1928470339
2018-09-29,6685.5,6789.0,6521.0,6620.0,2927994334
2018-09-30,6620.0,6620.5,6438.0,6581.5,1716887274
2018-10-01,6581.5,6642.5,6515.0,6598.5,1193407992
2018-10-02,6598.5,6636.0,6466.0,6571.0,1637337327
2018-10-03,6571.0,6590.0,6444.5,6502.5,1402030836
2018-10-04,6502.5,6509.5,6394.0,6465.0,1540804688
2018-10-05,6465.0,6620.0,6459.0,6553.0,1667871595
2018-10-06,6553.0,6658.5,6522.0,6582.0,1156201039
2018-10-07,6582.0,6592.5,6531.5,6552.0,578198553
2018-10-08,6552.0,6599.0,6488.0,6571.0,683158128
2018-10-09,6571.0,6669.0,6550.5,6607.5,1256335274
2018-10-10,6607.5,6614.5,6563.0,6591.0,772207701
2018-10-11,6591.0,6591.5,6452.0,6530.0,1500208025
2018-10-12,6530.0,6530.5,6005.0,6154.5,3393156568
2018-10-13,6154.5,6233.5,6100.0,6182.5,1140618977
2018-10-14,6182.5,6212.5,6166.0,6193.5,565325381
2018-10-15,6193.5,6300.0,6142.0,6181.5,1003003304
2018-10-16,6181.5,6818.0,6147.0,6436.5,3808169212
2018-10-17,6436.5,6497.5,6383.0,6456.0,1347675108
2018-10-18,6456.0,6458.0,6409.0,6438.5,710975400
2018-10-19,6438.5,6488.0,6350.0,6394.5,1113414516
2018-10-20,6394.5,6405.0,6366.0,6384.0,620702624
2018-10-21,6384.0,6425.0,6367.0,6407.5,468491105
2018-10-22,6407.5,6465.0,6405.5,6413.0,604132354
2018-10-23,6413.0,6426.0,6369.0,6412.5,687226047
2018-10-24,6412.5,6415.5,6360.0,6395.0,651666576
2018-10-25,6395.0,6490.0,6394.5,6412.5,835272558
2018-10-26,6412.5,6419.0,6368.0,6393.5,755916346
2018-10-27,6393.5,6468.0,6386.5,6406.5,773455031
2018-10-28,6406.5,6419.0,6395.5,6407.0,320256569
2018-10-29,6407.0,6449.0,6382.5,6408.0,382180051
2018-10-30,6408.0,6415.5,6209.0,6266.5,1481206621
2018-10-31,6266.5,6294.0,6255.0,6272.0,621247379
2018-11-01,6272.0,6345.0,6210.0,6307.0,1038552067
2018-11-02,6307.0,6370.0,6302.0,6337.0,527664071
2018-11-03,6337.0,6387.0,6328.0,6346.0,779817385
2018-11-04,6346.0,6348.5,6316.5,6332.5,418518243
2018-11-05,6332.5,6471.0,6322.5,6427.5,1079190784
2018-11-06,6427.5,6445.5,6380.0,6404.0,680611418
2018-11-07,6404.0,6460.0,6387.0,6450.5,1009689725
2018-11-08,6450.5,6568.0,6434.5,6510.5,1199489873
2018-11-09,6510.5,6524.0,6372.5,6414.0,1340385486
2018-11-10,6414.0,6420.5,6310.0,6338.5,1238135158
2018-11-11,6338.5,6379.0,6334.5,6353.5,463914785
2018-11-12,6353.5,6380.0,6260.0,6361.0,769461393
2018-11-13,6361.0,6406.0,6305.5,6337.5,976781774
2018-11-14,6337.5,6338.0,6235.0,6249.0,1366233784
2018-11-15,6249.0,6296.0,5231.0,5586.0,5165120528
2018-11-16,5586.0,5639.5,5181.0,5581.0,3649588056
2018-11-17,5581.0,5619.0,5406.0,5511.0,1716661902
2018-11-18,5511.0,5557.0,5450.5,5501.5,854000974
2018-11-19,5501.5,5690.0,5501.5,5556.0,935728658
2018-11-20,5556.0,5557.0,4665.0,4743.0,5232596594
2018-11-21,4743.0,4897.0,4010.0,4348.5,6489034529
2018-11-22,4348.5,4654.0,4229.0,4537.0,3428477052
2018-11-23,4537.0,4598.0,4235.5,4266.5,1921804140
2018-11-24,4266.5,4382.0,4068.0,4283.0,2602831127
2018-11-25,4283.0,4378.0,3627.0,3768.5,2444429081
2018-11-26,3768.5,4120.0,3430.0,3930.5,3937118449
2018-11-27,3930.5,4080.0,3492.0,3724.5,3724730922
2018-11-28,3724.5,3837.0,3563.5,3769.0,2530263160
2018-11-29,3769.0,4357.0,3768.5,4219.0,3147203385
2018-11-30,4219.0,4423.0,4085.0,4242.0,2592414278
2018-12-01,4242.0,4299.0,3860.0,3972.0,2584621533
2018-12-02,3972.0,4266.0,3903.5,4136.5,1640007226
2018-12-03,4136.5,4270.0,4025.0,4096.5,1787717143
2018-12-04,4096.5,4118.5,3729.5,3829.5,1946677836
2018-12-05,3829.5,4042.0,3730.0,3902.0,1935438543
2018-12-06,3902.0,3917.0,3655.0,3695.5,1775227694
2018-12-07,3695.5,3843.0,3400.0,3430.5,2752500328
2018-12-08,3430.5,3542.0,3200.0,3369.0,2747024120
2018-12-09,3369.0,3500.0,3246.0,3397.0,1640637903
2018-12-10,3397.0,3630.0,3370.5,3526.5,1456049836
2018-12-11,3526.5,3596.0,3350.0,3406.0,1601488752
2018-12-12,3406.0,3422.0,3281.5,3344.0,1214572434
2018-12-13,3344.0,3493.5,3321.5,3431.5,1211426170
2018-12-14,3431.5,3439.0,3217.5,3257.5,1424966157
2018-12-15,3257.5,3300.0,3134.5,3193.0,1536196893
2018-12-16,3193.0,3226.0,3121.0,3183.0,1009582711
2018-12-17,3183.0,3260.0,3177.0,3189.5,1025712865
2018-12-18,3189.5,3590.0,3178.0,3495.5,2156458993
2018-12-19,3495.5,3690.0,3435.0,3665.0,2155901030
2018-12-20,3665.0,3916.5,3641.0,3680.0,3567541648
2018-12-21,3680.0,4174.0,3654.5,4069.0,3971091014
2018-12-22,4069.0,4168.0,3770.0,3841.0,3040224454
2018-12-23,3841.0,4007.0,3783.5,3981.0,1679000836
2018-12-24,3981.0,4055.0,3903.0,3944.0,1492831124
2018-12-25,3944.0,4241.0,3943.5,4033.5,2193196042
2018-12-26,4033.5,4043.0,3670.5,3777.0,1991914841
2018-12-27,3777.0,3868.0,3683.0,3806.5,1419107616
2018-12-28,3806.5,3842.0,3565.0,3588.0,1386767145
2018-12-29,3588.0,3960.0,3568.0,3889.5,1542324018
2018-12-30,3889.5,3944.0,3650.0,3712.0,1267439193
2018-12-31,3712.0,3898.5,3671.0,3830.5,1225535573
2019-01-01,3830.5,3839.5,3615.0,3693.0,976475574
2019-01-02,3693.0,3870.0,3630.5,3824.0,902868031
2019-01-03,3824.0,3918.0,3762.0,3888.0,1074586398
2019-01-04,3888.0,3891.0,3748.0,3784.0,880837736
2019-01-05,3784.0,3850.0,3721.5,3817.0,907202598
2019-01-06,3817.0,3879.0,3767.0,3794.5,742213108
2019-01-07,3794.5,4082.0,3750.0,4039.0,1072137901
2019-01-08,4039.0,4074.0,3970.0,4005.0,950704483
2019-01-09,4005.0,4130.0,3937.0,3995.5,1297065278
2019-01-10,3995.5,4045.0,3959.5,4001.0,900335908
2019-01-11,4001.0,4036.0,3512.0,3622.0,1648035760
2019-01-12,3622.0,3698.0,3561.5,3631.5,1011606061
2019-01-13,3631.5,3652.0,3550.0,3613.0,545041398
2019-01-14,3613.0,3638.0,3479.0,3513.0,800495107
2019-01-15,3513.0,3718.0,3506.5,3663.0,938603871
2019-01-16,3663.0,3684.0,3535.0,3574.5,822695898
2019-01-17,3574.5,3664.0,3568.0,3607.5,860220650
2019-01-18,3607.5,3660.0,3540.0,3637.0,943447538
2019-01-19,3637.0,3639.5,3571.5,3606.0,656428321
2019-01-20,3606.0,3784.5,3605.0,3681.5,745711298
2019-01-21,3681.5,3700.0,3450.0,3535.0,1016540362
2019-01-22,3535.0,3575.0,3474.5,3529.5,763124348
2019-01-23,3529.5,3608.5,3405.0,3578.0,1148206703
2019-01-24,3578.0,3617.5,3522.0,3551.0,904277332
2019-01-25,3551.0,3590.0,3526.5,3568.0,721324540
2019-01-26,3568.0,3577.0,3501.0,3560.5,770190679
2019-01-27,3560.5,3672.5,3530.0,3554.5,824768395
2019-01-28,3554.5,3558.5,3462.5,3527.5,791531675
2019-01-29,3527.5,3530.0,3370.0,3428.0,1600983915
2019-01-30,3428.0,3435.5,3343.0,3391.0,995168687
2019-01-31,3391.0,3460.0,3372.5,3434.0,930964392
2019-02-01,3434.0,3473.0,3392.5,3413.5,743028351
2019-02-02,3413.5,3460.0,3374.5,3435.5,879858333
2019-02-03,3435.5,3484.5,3414.0,3464.0,728919652
2019-02-04,3464.0,3470.5,3382.5,3414.0,763280076
2019-02-05,3414.0,3435.0,3394.0,3406.5,554983495
2019-02-06,3406.5,3430.0,3396.0,3428.5,435570729
2019-02-07,3428.5,3446.0,3330.0,3365.5,929931861
2019-02-08,3365.5,3378.5,3350.5,3357.0,333273271
2019-02-09,3357.0,3728.0,3341.0,3626.0,1755549256
2019-02-10,3626.0,3642.5,3595.0,3626.0,664676512
2019-02-11,3626.0,3660.0,3575.0,3648.0,732314688
2019-02-12,3648.0,3652.5,3575.5,3591.0,744728832
2019-02-13,3591.0,3618.0,3550.0,3587.5,870328982
2019-02-14,3587.5,3632.0,3562.5,3577.0,649214457
2019-02-15,3577.0,3590.0,3533.0,3560.0,591406772
2019-02-16,3560.0,3615.0,3536.5,3565.0,728403854
2019-02-17,3565.0,3609.5,3564.0,3579.5,627259315
2019-02-18,3579.5,3680.0,3553.0,3623.5,1019233948
2019-02-19,3623.5,3919.0,3615.0,3867.5,2873418963
2019-02-20,3867.5,3972.0,3838.0,3888.0,2058087199
2019-02-21,3888.0,3958.0,3868.5,3938.5,1248217490
2019-02-22,3938.5,3995.0,3863.0,3897.5,1211912456
2019-02-23,3897.5,3957.0,3886.5,3938.5,1028224433
2019-02-24,3938.5,4157.5,3906.5,4111.5,1754842139
2019-02-25,4111.5,4190.0,3702.0,3733.5,2458966881
2019-02-26,3733.5,3854.5,3730.0,3818.0,1181271511
2019-02-27,3818.0,3826.0,3750.0,3797.0,868952398
2019-02-28,3797.0,3821.5,3640.0,3798.0,1160849783
2019-03-01,3798.0,3895.0,3741.0,3788.0,1171406068
2019-03-02,3788.0,3839.0,3784.5,3802.0,565492632
2019-03-03,3802.0,3819.0,3754.0,3808.0,540450028
2019-03-04,3808.0,3816.5,3757.0,3785.5,504059676
2019-03-05,3785.5,3804.5,3669.0,3698.5,1237930792
2019-03-06,3698.5,3880.0,3691.0,3846.5,1424807550
2019-03-07,3846.5,3901.0,3810.5,3849.0,856845523
2019-03-08,3849.0,3889.0,3828.0,3854.0,1037324028
2019-03-09,3854.0,3913.5,3742.5,3840.0,1197247739
2019-03-10,3840.0,3943.0,3831.5,3916.0,1263671482
2019-03-11,3916.0,3916.0,3860.0,3897.5,583852214
2019-03-12,3897.5,3912.5,3806.0,3845.0,943232476
2019-03-13,3845.0,3874.0,3793.5,3857.5,975781570
2019-03-14,3857.5,3872.5,3825.0,3849.5,651939565
2019-03-15,3849.5,3906.0,3750.0,3855.0,835215034
2019-03-16,3855.0,3903.5,3840.5,3897.0,754035503
2019-03-17,3897.0,4038.0,3896.0,3986.0,1344503429
2019-03-18,3986.0,3987.5,3926.0,3962.0,680719566
2019-03-19,3962.0,4014.5,3928.0,3969.0,976963412
2019-03-20,3969.0,4012.0,3945.0,3997.0,869685179
2019-03-21,3997.0,4048.5,3952.5,4029.5,1114612306
2019-03-22,4029.5,4067.5,3914.5,3969.0,1446482112
2019-03-23,3969.0,3999.0,3958.0,3981.0,596252650
2019-03-24,3981.0,3999.0,3952.0,3979.5,575838849
